instrument,tile,saturated,sat_onset_mag,sat_peak_level,n_peak_saturated,n_saturated_excluded,zp_ab,created_utc
hst_acs_f814w,A1,yes,19.0,39.5627,71,185,25.9517,2026-07-05T23:44:54Z
hst_acs_f814w,A10,yes,19.0,38.5212,77,149,25.9515,2026-07-06T05:02:57Z
hst_acs_f814w,A2,yes,19.0,39.1089,84,204,25.9518,2026-07-05T23:54:44Z
hst_acs_f814w,A3,yes,19.0,38.6673,86,255,25.9519,2026-07-06T00:11:32Z
hst_acs_f814w,A4,yes,19.0,39.4525,67,191,25.9519,2026-07-06T03:58:13Z
hst_acs_f814w,A5,yes,19.0,39.2213,73,148,25.9517,2026-07-06T04:10:17Z
hst_acs_f814w,A6,yes,19.0,37.7752,84,165,25.9513,2026-07-06T04:20:51Z
hst_acs_f814w,A7,yes,19.0,38.6086,117,225,25.9514,2026-07-06T04:31:46Z
hst_acs_f814w,A8,yes,19.0,38.5495,72,136,25.9516,2026-07-06T04:44:09Z
hst_acs_f814w,A9,yes,19.0,39.5183,80,156,25.9517,2026-07-06T04:55:01Z
hst_acs_f814w,B1,yes,19.0,38.3034,70,193,25.9514,2026-07-06T05:08:08Z
hst_acs_f814w,B10,yes,18.5,39.2614,68,153,25.9518,2026-07-06T08:44:38Z
hst_acs_f814w,B2,yes,19.0,38.3362,74,254,25.9516,2026-07-06T05:20:18Z
hst_acs_f814w,B3,yes,19.0,37.5063,102,244,25.9516,2026-07-06T05:39:09Z
hst_acs_f814w,B4,yes,18.5,39.8432,54,91,25.9516,2026-07-06T06:06:29Z
hst_acs_f814w,B5,yes,21.377,,0,76,25.9515,2026-07-05T23:35:03Z
hst_acs_f814w,B6,yes,19.0,38.8042,67,192,25.9516,2026-07-06T06:20:48Z
hst_acs_f814w,B7,yes,18.5,39.6618,75,307,25.9518,2026-07-06T06:55:28Z
hst_acs_f814w,B8,yes,19.0,39.194,69,254,25.9519,2026-07-06T07:43:33Z
hst_acs_f814w,B9,yes,19.0,38.2988,57,142,25.9519,2026-07-06T08:10:47Z
euclid_vis,101538497,no,,,0,233,24.5,2026-06-09T16:51:28Z
euclid_vis,101538498,no,,,0,807,24.5,2026-06-09T13:43:47Z
euclid_vis,101538499,no,,,0,2282,24.5,2026-06-09T13:44:06Z
euclid_vis,101538500,no,,,0,13,24.5,2026-06-09T13:43:22Z
euclid_vis,101539933,no,,,0,43,24.5,2026-06-09T13:43:22Z
euclid_vis,101539934,no,,,0,595,24.5,2026-06-09T13:43:36Z
euclid_vis,101539935,no,,,0,534,24.5,2026-06-09T13:44:17Z
euclid_vis,101539936,yes,15.5,476.1366,5,997,24.5,2026-06-09T13:44:50Z
euclid_vis,101539937,no,,,0,723,24.5,2026-06-09T13:45:07Z
euclid_vis,101539938,yes,18.752,,0,48,24.5,2026-06-09T13:45:19Z
euclid_vis,101539939,yes,15.5,509.2732,12,130,24.5,2026-06-09T13:45:39Z
euclid_vis,101539940,no,,,0,162,24.5,2026-06-09T13:45:04Z
euclid_vis,101541373,no,,,0,299,24.5,2026-06-09T13:44:51Z
euclid_vis,101541374,no,,,0,3293,24.5,2026-06-09T13:46:32Z
euclid_vis,101541375,yes,19.204,,0,52,24.5,2026-06-09T13:46:37Z
euclid_vis,101541376,yes,16.0,487.0241,10,36,24.5,2026-06-09T13:46:58Z
euclid_vis,101541377,no,,,0,86,24.4,2026-06-09T13:46:00Z
euclid_vis,101541378,no,,,0,865,24.4,2026-06-09T13:46:32Z
euclid_vis,101541379,yes,15.5,484.8288,10,49,24.5,2026-06-09T13:47:37Z
euclid_vis,101541380,yes,16.0,446.1173,3,227,24.5,2026-06-09T13:47:10Z
euclid_vis,101542814,yes,16.0,473.5417,7,3151,24.5,2026-06-09T13:48:04Z
euclid_vis,101542815,no,,,0,1027,24.4,2026-06-09T13:47:39Z
euclid_vis,101542816,yes,16.0,451.7909,5,379,24.4,2026-06-09T13:49:06Z
euclid_vis,101542817,yes,21.618,,0,237,24.4,2026-06-09T13:49:17Z
euclid_vis,101542818,no,,,0,295,24.4,2026-06-09T13:49:26Z
euclid_vis,101542819,yes,16.5,296.0372,3,32,24.4,2026-06-09T13:48:08Z
euclid_vis,101542820,no,,,0,174,24.5,2026-06-09T13:49:47Z
euclid_vis,101544254,yes,17.0,224.0999,8,3243,24.5,2026-06-09T13:49:52Z
euclid_vis,101544255,no,,,0,1098,24.4,2026-06-09T13:49:24Z
euclid_vis,101544256,yes,18.149,,0,64,24.4,2026-06-09T13:51:20Z
euclid_vis,101544257,yes,15.5,502.6859,14,48,24.4,2026-06-09T13:51:30Z
euclid_vis,101544258,yes,15.5,505.3312,19,30,24.4,2026-06-09T13:51:42Z
euclid_vis,101544259,yes,16.5,343.6197,7,75,24.4,2026-06-09T13:50:48Z
euclid_vis,101544260,yes,16.0,457.3879,8,153,24.5,2026-06-09T13:51:45Z
euclid_vis,101545694,no,,,0,2314,24.5,2026-06-09T13:51:16Z
euclid_vis,101545695,no,,,0,460,24.4,2026-06-09T13:51:14Z
euclid_vis,101545696,no,,,0,952,24.4,2026-06-09T13:53:07Z
euclid_vis,101545697,yes,15.5,501.3872,15,41,24.4,2026-06-09T13:53:05Z
euclid_vis,101545698,yes,18.895,,0,31,24.4,2026-06-09T13:53:48Z
euclid_vis,101545699,yes,16.0,432.8755,4,80,24.4,2026-06-09T13:53:16Z
euclid_vis,101545700,yes,23.919,,0,170,24.5,2026-06-09T13:54:05Z
euclid_vis,101545701,no,,,0,27,24.5,2026-06-09T13:52:40Z
euclid_vis,101547133,no,,,0,1816,24.5,2026-06-09T13:53:15Z
euclid_vis,101547134,no,,,0,51,24.4,2026-06-09T13:53:40Z
euclid_vis,101547135,no,,,0,1805,24.4,2026-06-09T13:55:41Z
euclid_vis,101547136,yes,16.0,494.0209,13,705,24.4,2026-06-09T13:55:45Z
euclid_vis,101547137,no,,,0,552,24.4,2026-06-09T13:56:40Z
euclid_vis,101547138,no,,,0,248,24.4,2026-06-09T13:54:26Z
euclid_vis,101547139,yes,24.043,,0,330,24.5,2026-06-09T13:57:05Z
euclid_vis,101547140,no,,,0,158,24.5,2026-06-09T13:55:17Z
euclid_vis,101548572,no,,,0,556,24.5,2026-06-09T13:55:20Z
euclid_vis,101548573,no,,,0,2073,24.5,2026-06-09T13:57:46Z
euclid_vis,101548574,no,,,0,221,24.4,2026-06-09T13:55:57Z
euclid_vis,101548575,yes,16.0,466.99,10,610,24.5,2026-06-09T13:58:10Z
euclid_vis,101548576,no,,,0,805,24.5,2026-06-09T13:57:59Z
euclid_vis,101548577,no,,,0,599,24.5,2026-06-09T13:57:22Z
euclid_vis,101548578,no,,,0,417,24.5,2026-06-09T13:57:48Z
euclid_vis,101550012,no,,,0,1118,24.5,2026-06-09T13:58:29Z
euclid_vis,101550013,no,,,0,598,24.5,2026-06-09T13:58:16Z
euclid_vis,101550014,no,,,0,40,24.5,2026-06-09T13:58:03Z
