seq,id,ra,dec,mag,tile,hstpng
1,1502412945021404674,150.241295,2.140467,18.49,064,sn_euclid_only_0001_hst.png
2,1502284824022107202,150.228482,2.210720,16.00,064,sn_euclid_only_0002_hst.png
3,1502751773021247516,150.275177,2.124752,16.19,052,sn_euclid_only_0003_hst.png
4,1499545834025076897,149.954583,2.507690,19.89,090,sn_euclid_only_0004_hst.png
5,1504195695022570608,150.419570,2.257061,24.38,063,sn_euclid_only_0005_hst.png
6,1502855620022499167,150.285562,2.249917,17.66,064,sn_euclid_only_0006_hst.png
7,1504260480023144100,150.426048,2.314410,19.31,075,sn_euclid_only_0007_hst.png
8,1503760077022251505,150.376008,2.225151,25.16,064,sn_euclid_only_0008_hst.png
9,1503852332021991176,150.385233,2.199118,18.60,064,sn_euclid_only_0009_hst.png
10,1503101459023517346,150.310146,2.351735,17.92,076,sn_euclid_only_0010_hst.png
11,1503979616022617127,150.397962,2.261713,24.09,063,sn_euclid_only_0011_hst.png
12,1503906049022030267,150.390605,2.203027,17.48,064,sn_euclid_only_0012_hst.png
13,1503317475022074847,150.331748,2.207485,22.67,064,sn_euclid_only_0013_hst.png
14,1503502855022121842,150.350286,2.212184,25.10,064,sn_euclid_only_0014_hst.png
15,1502360459021813709,150.236046,2.181371,18.62,064,sn_euclid_only_0015_hst.png
16,1502458363022262775,150.245836,2.226278,17.83,064,sn_euclid_only_0016_hst.png
17,1503344112022152230,150.334411,2.215223,25.04,064,sn_euclid_only_0017_hst.png
18,1503344112022152230,150.334411,2.215223,25.08,064,sn_euclid_only_0018_hst.png
19,1503344112022152230,150.334411,2.215223,25.04,064,sn_euclid_only_0019_hst.png
20,1503344112022152230,150.334411,2.215223,25.08,064,sn_euclid_only_0020_hst.png
21,1502657469022371372,150.265747,2.237137,18.08,064,sn_euclid_only_0021_hst.png
22,1503800152023466810,150.380015,2.346681,17.87,076,sn_euclid_only_0022_hst.png
23,1502607833022857506,150.260783,2.285751,17.35,064,sn_euclid_only_0023_hst.png
24,1498997876025081932,149.899788,2.508193,22.95,090,sn_euclid_only_0024_hst.png
25,1504269314023124555,150.426931,2.312456,22.33,075,sn_euclid_only_0025_hst.png
26,1503239319023178015,150.323932,2.317802,17.85,076,sn_euclid_only_0026_hst.png
27,1503586838023172722,150.358684,2.317272,15.83,076,sn_euclid_only_0027_hst.png
28,1499454645024382204,149.945465,2.438220,18.27,078,sn_euclid_only_0028_hst.png
29,1502227490020841138,150.222749,2.084114,18.41,053,sn_euclid_only_0029_hst.png
30,1499865763025856399,149.986576,2.585640,17.67,090,sn_euclid_only_0030_hst.png
31,1499256383025740209,149.925638,2.574021,20.03,090,sn_euclid_only_0031_hst.png
32,1499101541024561910,149.910154,2.456191,17.66,078,sn_euclid_only_0032_hst.png
33,1499237768025766237,149.923777,2.576624,23.59,090,sn_euclid_only_0033_hst.png
34,1503510430020103119,150.351043,2.010312,17.74,052,sn_euclid_only_0034_hst.png
35,1503369403019306733,150.336940,1.930673,18.40,040,sn_euclid_only_0035_hst.png
36,1502174816019828537,150.217482,1.982854,18.42,053,sn_euclid_only_0036_hst.png
37,1503343673020614484,150.334367,2.061448,20.30,052,sn_euclid_only_0037_hst.png
38,1503063422020765336,150.306342,2.076534,17.91,052,sn_euclid_only_0038_hst.png
39,1503187708019899966,150.318771,1.989997,17.71,052,sn_euclid_only_0039_hst.png
40,1503843470021057029,150.384347,2.105703,17.67,052,sn_euclid_only_0040_hst.png
41,1503382642020941035,150.338264,2.094104,22.16,052,sn_euclid_only_0041_hst.png
42,1502297952019937969,150.229795,1.993797,18.24,052,sn_euclid_only_0042_hst.png
43,1502125145020433735,150.212515,2.043374,15.62,053,sn_euclid_only_0043_hst.png
44,1503234354021077434,150.323435,2.107743,23.17,052,sn_euclid_only_0044_hst.png
45,1502847272020420216,150.284727,2.042022,17.32,052,sn_euclid_only_0045_hst.png
46,1501501190022361834,150.150119,2.236183,16.87,065,sn_euclid_only_0046_hst.png
47,1501667355021342245,150.166736,2.134225,18.48,065,sn_euclid_only_0047_hst.png
48,1500465156021882642,150.046516,2.188264,16.88,066,sn_euclid_only_0048_hst.png
49,1500092056022143136,150.009206,2.214314,19.82,066,sn_euclid_only_0049_hst.png
50,1501731301021982443,150.173130,2.198244,25.35,065,sn_euclid_only_0050_hst.png
51,1499822121022595493,149.982212,2.259549,17.45,066,sn_euclid_only_0051_hst.png
52,1500856786022206250,150.085679,2.220625,19.16,065,sn_euclid_only_0052_hst.png
53,1501754015022046176,150.175402,2.204618,19.72,065,sn_euclid_only_0053_hst.png
54,1500890278022886046,150.089028,2.288605,17.54,065,sn_euclid_only_0054_hst.png
55,1501369746023393586,150.136975,2.339359,17.80,077,sn_euclid_only_0055_hst.png
56,1500763768023553711,150.076377,2.355371,18.22,077,sn_euclid_only_0056_hst.png
57,1501296506023450891,150.129651,2.345089,25.29,077,sn_euclid_only_0057_hst.png
58,1502125341023509471,150.212534,2.350947,17.79,077,sn_euclid_only_0058_hst.png
59,1500330134023625496,150.033013,2.362550,17.05,078,sn_euclid_only_0059_hst.png
60,1501902481023242005,150.190248,2.324201,23.24,077,sn_euclid_only_0060_hst.png
61,1499718206023169728,149.971821,2.316973,18.49,078,sn_euclid_only_0061_hst.png
62,1502099723022601652,150.209972,2.260165,24.89,065,sn_euclid_only_0062_hst.png
63,1501409453022608471,150.140945,2.260847,18.06,065,sn_euclid_only_0063_hst.png
64,1501414809023578450,150.141481,2.357845,25.36,077,sn_euclid_only_0064_hst.png
65,1501450350024137773,150.145035,2.413777,17.89,077,sn_euclid_only_0065_hst.png
66,1500647039024148851,150.064704,2.414885,23.31,077,sn_euclid_only_0066_hst.png
67,1500036375024393315,150.003638,2.439332,24.53,078,sn_euclid_only_0067_hst.png
68,1501327257023920241,150.132726,2.392024,17.87,077,sn_euclid_only_0068_hst.png
69,1502273239024135935,150.227324,2.413594,15.68,076,sn_euclid_only_0069_hst.png
70,1500079996024879901,150.008000,2.487990,15.97,090,sn_euclid_only_0070_hst.png
71,1501452562024760666,150.145256,2.476067,18.34,089,sn_euclid_only_0071_hst.png
72,1500838707024928234,150.083871,2.492823,20.09,089,sn_euclid_only_0072_hst.png
73,1502100708024660243,150.210071,2.466024,18.61,089,sn_euclid_only_0073_hst.png
74,1502057065024268734,150.205707,2.426873,24.00,077,sn_euclid_only_0074_hst.png
75,1499938985024629195,149.993899,2.462920,17.86,090,sn_euclid_only_0075_hst.png
76,1501106540024606215,150.110654,2.460622,22.52,077,sn_euclid_only_0076_hst.png
77,1502028345024667190,150.202835,2.466719,18.77,089,sn_euclid_only_0077_hst.png
78,1502236374024806617,150.223637,2.480662,19.05,089,sn_euclid_only_0078_hst.png
79,1500168419024906510,150.016842,2.490651,19.35,090,sn_euclid_only_0079_hst.png
80,1500292793025843279,150.029279,2.584328,15.78,090,sn_euclid_only_0080_hst.png
81,1500009121025585082,150.000912,2.558508,18.61,090,sn_euclid_only_0081_hst.png
82,1504842301024338652,150.484230,2.433865,16.66,075,sn_euclid_only_0082_hst.png
83,1503142009024225022,150.314201,2.422502,15.78,076,sn_euclid_only_0083_hst.png
84,1502906256024646736,150.290626,2.464674,19.42,088,sn_euclid_only_0084_hst.png
85,1503583934024389474,150.358393,2.438947,16.10,076,sn_euclid_only_0085_hst.png
86,1504886472023932961,150.488647,2.393296,18.32,075,sn_euclid_only_0086_hst.png
87,1503151989024410964,150.315199,2.441096,18.09,076,sn_euclid_only_0087_hst.png
88,1503509214024719041,150.350921,2.471904,18.67,088,sn_euclid_only_0088_hst.png
89,1502693375024601360,150.269338,2.460136,17.67,076,sn_euclid_only_0089_hst.png
90,1500890862019847143,150.089086,1.984714,18.94,053,sn_euclid_only_0090_hst.png
91,1500927237018816302,150.092724,1.881630,17.44,041,sn_euclid_only_0091_hst.png
92,1501530536019940753,150.153054,1.994075,17.17,053,sn_euclid_only_0092_hst.png
93,1500117349018985582,150.011735,1.898558,19.15,042,sn_euclid_only_0093_hst.png
94,1499578954020523934,149.957895,2.052393,17.07,054,sn_euclid_only_0094_hst.png
95,1499665329019509054,149.966533,1.950905,17.58,042,sn_euclid_only_0095_hst.png
96,1500866781019227741,150.086678,1.922774,17.22,041,sn_euclid_only_0096_hst.png
97,1501256296019649904,150.125630,1.964990,16.21,053,sn_euclid_only_0097_hst.png
98,1501108047020340636,150.110805,2.034064,17.61,053,sn_euclid_only_0098_hst.png
99,1499850827020687366,149.985083,2.068737,15.47,054,sn_euclid_only_0099_hst.png
100,1500056363020063316,150.005636,2.006332,17.73,054,sn_euclid_only_0100_hst.png
101,1501131383020945435,150.113138,2.094544,17.89,053,sn_euclid_only_0101_hst.png
102,1499936850020219954,149.993685,2.021995,17.45,054,sn_euclid_only_0102_hst.png
103,1501751980019139303,150.175198,1.913930,18.37,041,sn_euclid_only_0103_hst.png
104,1501070704020618110,150.107070,2.061811,18.43,053,sn_euclid_only_0104_hst.png
105,1500224698019425993,150.022470,1.942599,17.48,042,sn_euclid_only_0105_hst.png
106,1499480333020420846,149.948033,2.042085,18.97,054,sn_euclid_only_0106_hst.png
107,1501933437020460352,150.193344,2.046035,19.25,053,sn_euclid_only_0107_hst.png
108,1500443089020831369,150.044309,2.083137,15.60,054,sn_euclid_only_0108_hst.png
109,1501369614021146897,150.136961,2.114690,16.19,053,sn_euclid_only_0109_hst.png
110,1501943542020423304,150.194354,2.042330,18.72,053,sn_euclid_only_0110_hst.png
111,1500141845021070481,150.014185,2.107048,18.68,054,sn_euclid_only_0111_hst.png
112,1500367293020506052,150.036729,2.050605,18.98,054,sn_euclid_only_0112_hst.png
113,1501748850020797693,150.174885,2.079769,16.60,053,sn_euclid_only_0113_hst.png
114,1501822116018507990,150.182212,1.850799,18.41,041,sn_euclid_only_0114_hst.png
115,1502410166018755306,150.241017,1.875531,19.38,040,sn_euclid_only_0115_hst.png
116,1501672163018188771,150.167216,1.818877,18.33,041,sn_euclid_only_0116_hst.png
117,1505080556023843908,150.508056,2.384391,24.35,075,sn_euclid_only_0117_hst.png
118,1498802029020265512,149.880203,2.026551,20.71,055,sn_euclid_only_0118_hst.png
119,1497378846020599937,149.737885,2.059994,24.29,055,sn_euclid_only_0119_hst.png
120,1497701735019846059,149.770174,1.984606,18.88,055,sn_euclid_only_0120_hst.png
121,1498718437021006815,149.871844,2.100682,18.33,055,sn_euclid_only_0121_hst.png
122,1498973335019388641,149.897334,1.938864,18.41,042,sn_euclid_only_0122_hst.png
123,1499148743021115307,149.914874,2.111531,16.21,054,sn_euclid_only_0123_hst.png
124,1499414790020178324,149.941479,2.017832,18.05,054,sn_euclid_only_0124_hst.png
125,1497569027020431172,149.756903,2.043117,17.56,055,sn_euclid_only_0125_hst.png
126,1498359390021206389,149.835939,2.120639,18.93,055,sn_euclid_only_0126_hst.png
127,1497639438020749651,149.763944,2.074965,16.70,055,sn_euclid_only_0127_hst.png
128,1498554477021668562,149.855448,2.166856,17.91,067,sn_euclid_only_0128_hst.png
129,1499146431021285756,149.914643,2.128576,19.42,066,sn_euclid_only_0129_hst.png
130,1499364939022379174,149.936494,2.237917,19.47,066,sn_euclid_only_0130_hst.png
131,1499146530021258278,149.914653,2.125828,16.39,054,sn_euclid_only_0131_hst.png
132,1498578682022793615,149.857868,2.279362,17.70,067,sn_euclid_only_0132_hst.png
133,1499644792021496412,149.964479,2.149641,18.70,066,sn_euclid_only_0133_hst.png
134,1499105800021347414,149.910580,2.134741,18.11,066,sn_euclid_only_0134_hst.png
135,1498334036022586876,149.833404,2.258688,16.65,067,sn_euclid_only_0135_hst.png
136,1498278312023130767,149.827831,2.313077,18.58,079,sn_euclid_only_0136_hst.png
137,1498508693023541435,149.850869,2.354144,16.05,079,sn_euclid_only_0137_hst.png
138,1499661530023661286,149.966153,2.366129,16.77,078,sn_euclid_only_0138_hst.png
139,1499646623021845392,149.964662,2.184539,18.03,066,sn_euclid_only_0139_hst.png
140,1499310082023921914,149.931008,2.392191,16.22,078,sn_euclid_only_0140_hst.png
141,1498993719025118582,149.899372,2.511858,15.68,090,sn_euclid_only_0141_hst.png
142,1499608736023877750,149.960874,2.387775,17.88,078,sn_euclid_only_0142_hst.png
143,1498997864025081927,149.899786,2.508193,22.93,090,sn_euclid_only_0143_hst.png
144,1502072574018645424,150.207257,1.864542,18.18,041,sn_euclid_only_0144_hst.png
145,1499643501024292172,149.964350,2.429217,18.24,078,sn_euclid_only_0145_hst.png
146,1499204454025293924,149.920445,2.529392,15.27,090,sn_euclid_only_0146_hst.png
147,1497692996019859727,149.769300,1.985973,20.10,055,sn_euclid_only_0147_hst.png
148,1498973377019388619,149.897338,1.938862,18.35,042,sn_euclid_only_0148_hst.png
149,1504776081023506061,150.477608,2.350606,17.94,075,sn_euclid_only_0149_hst.png
150,1498802039020265522,149.880204,2.026552,20.72,055,sn_euclid_only_0150_hst.png
151,1497564792019789512,149.756479,1.978951,20.11,055,sn_euclid_only_0151_hst.png
152,1502255048018507860,150.225505,1.850786,18.16,041,sn_euclid_only_0152_hst.png
153,1502347653019901282,150.234765,1.990128,16.12,052,sn_euclid_only_0153_hst.png
154,1503230515018725413,150.323052,1.872541,18.49,040,sn_euclid_only_0154_hst.png
155,1503362099020965573,150.336210,2.096557,18.02,052,sn_euclid_only_0155_hst.png
156,1499263664019364012,149.926366,1.936401,19.28,042,sn_euclid_only_0156_hst.png
157,1498613118019876045,149.861312,1.987605,21.77,055,sn_euclid_only_0157_hst.png
158,1497350762020164006,149.735076,2.016401,18.93,055,sn_euclid_only_0158_hst.png
159,1498755550019464166,149.875555,1.946417,19.76,043,sn_euclid_only_0159_hst.png
160,1497701728019846059,149.770173,1.984606,18.91,055,sn_euclid_only_0160_hst.png
161,1502298023019937979,150.229802,1.993798,18.31,052,sn_euclid_only_0161_hst.png
162,1502751789021247568,150.275179,2.124757,16.21,052,sn_euclid_only_0162_hst.png
163,1503170018021730882,150.317002,2.173088,23.70,064,sn_euclid_only_0163_hst.png
164,1502174829019828580,150.217483,1.982858,18.50,053,sn_euclid_only_0164_hst.png
165,1503979627022617135,150.397963,2.261714,24.06,063,sn_euclid_only_0165_hst.png
166,1503239325023177972,150.323933,2.317797,17.89,076,sn_euclid_only_0166_hst.png
167,1502397200022263601,150.239720,2.226360,15.77,064,sn_euclid_only_0167_hst.png
168,1503502869022121862,150.350287,2.212186,25.09,064,sn_euclid_only_0168_hst.png
169,1503101469023517357,150.310147,2.351736,18.00,076,sn_euclid_only_0169_hst.png
170,1502894882019123863,150.289488,1.912386,18.54,040,sn_euclid_only_0170_hst.png
171,1503369486019306743,150.336949,1.930674,18.51,040,sn_euclid_only_0171_hst.png
172,1503452093020665911,150.345209,2.066591,24.46,052,sn_euclid_only_0172_hst.png
173,1503473373020189843,150.347337,2.018984,19.27,052,sn_euclid_only_0173_hst.png
174,1503843513021057047,150.384351,2.105705,17.67,052,sn_euclid_only_0174_hst.png
175,1503343687020614513,150.334369,2.061451,20.33,052,sn_euclid_only_0175_hst.png
176,1502565055021147576,150.256506,2.114758,15.61,052,sn_euclid_only_0176_hst.png
177,1503839905020192949,150.383991,2.019295,15.83,052,sn_euclid_only_0177_hst.png
178,1502227500020841198,150.222750,2.084120,18.40,053,sn_euclid_only_0178_hst.png
179,1502317015019481926,150.231702,1.948193,18.98,040,sn_euclid_only_0179_hst.png
180,1500927295018816337,150.092730,1.881634,17.49,041,sn_euclid_only_0180_hst.png
181,1499665355019509070,149.966536,1.950907,17.56,042,sn_euclid_only_0181_hst.png
182,1501070690020618160,150.107069,2.061816,18.33,053,sn_euclid_only_0182_hst.png
183,1501530584019940783,150.153058,1.994078,17.22,053,sn_euclid_only_0183_hst.png
184,1502412985021404690,150.241299,2.140469,18.59,064,sn_euclid_only_0184_hst.png
185,1500890887019847223,150.089089,1.984722,18.98,053,sn_euclid_only_0185_hst.png
186,1500481149020424366,150.048115,2.042437,17.87,054,sn_euclid_only_0186_hst.png
187,1502458422022262773,150.245842,2.226277,18.01,064,sn_euclid_only_0187_hst.png
188,1500649440020727964,150.064944,2.072796,20.28,053,sn_euclid_only_0188_hst.png
189,1503344112022152230,150.334411,2.215223,25.04,064,sn_euclid_only_0189_hst.png
190,1503344112022152230,150.334411,2.215223,25.08,064,sn_euclid_only_0190_hst.png
191,1503344112022152230,150.334411,2.215223,25.04,064,sn_euclid_only_0191_hst.png
192,1503344112022152230,150.334411,2.215223,25.08,064,sn_euclid_only_0192_hst.png
193,1503127029021272456,150.312703,2.127246,18.65,052,sn_euclid_only_0193_hst.png
194,1504306170021746824,150.430617,2.174682,17.83,063,sn_euclid_only_0194_hst.png
195,1503398392022719664,150.339839,2.271966,18.50,064,sn_euclid_only_0195_hst.png
196,1502284895022107234,150.228490,2.210723,16.06,064,sn_euclid_only_0196_hst.png
197,1504649377022483563,150.464938,2.248356,16.02,063,sn_euclid_only_0197_hst.png
198,1502855646022499160,150.285565,2.249916,17.68,064,sn_euclid_only_0198_hst.png
199,1503453755023498705,150.345376,2.349871,18.62,076,sn_euclid_only_0199_hst.png
200,1502382481022988837,150.238248,2.298884,17.70,076,sn_euclid_only_0200_hst.png
201,1502657484022371367,150.265748,2.237137,18.07,064,sn_euclid_only_0201_hst.png
202,1504260616023144080,150.426062,2.314408,19.39,075,sn_euclid_only_0202_hst.png
203,1504195690022570616,150.419569,2.257062,24.38,063,sn_euclid_only_0203_hst.png
204,1499480352020420829,149.948035,2.042083,18.93,054,sn_euclid_only_0204_hst.png
205,1501940080020003475,150.194008,2.000348,16.04,053,sn_euclid_only_0205_hst.png
206,1500367309020506083,150.036731,2.050608,19.01,054,sn_euclid_only_0206_hst.png
207,1499579141020523936,149.957914,2.052394,17.00,054,sn_euclid_only_0207_hst.png
208,1501131414020945439,150.113141,2.094544,17.85,053,sn_euclid_only_0208_hst.png
209,1500117363018985605,150.011736,1.898561,19.16,042,sn_euclid_only_0209_hst.png
210,1499695006020313577,149.969501,2.031358,18.57,054,sn_euclid_only_0210_hst.png
211,1500141842021070501,150.014184,2.107050,18.73,054,sn_euclid_only_0211_hst.png
212,1501752023019139314,150.175202,1.913931,18.47,041,sn_euclid_only_0212_hst.png
213,1500611842018825822,150.061184,1.882582,18.52,041,sn_euclid_only_0213_hst.png
214,1501108109020340675,150.110811,2.034068,17.64,053,sn_euclid_only_0214_hst.png
215,1500640090021013646,150.064009,2.101365,16.07,053,sn_euclid_only_0215_hst.png
216,1500371336020499801,150.037134,2.049980,22.10,054,sn_euclid_only_0216_hst.png
217,1499770732020413889,149.977073,2.041389,16.51,054,sn_euclid_only_0217_hst.png
218,1501431102019320711,150.143110,1.932071,18.49,041,sn_euclid_only_0218_hst.png
219,1501933477020460423,150.193348,2.046042,19.25,053,sn_euclid_only_0219_hst.png
220,1502057069024268740,150.205707,2.426874,23.99,077,sn_euclid_only_0220_hst.png
221,1500285478024364483,150.028548,2.436448,18.22,078,sn_euclid_only_0221_hst.png
222,1502575472023878745,150.257547,2.387875,18.56,076,sn_euclid_only_0222_hst.png
223,1501216115021273609,150.121612,2.127361,23.88,053,sn_euclid_only_0223_hst.png
224,1501902479023241985,150.190248,2.324199,23.28,077,sn_euclid_only_0224_hst.png
225,1500763781023553730,150.076378,2.355373,18.19,077,sn_euclid_only_0225_hst.png
226,1500856779022206322,150.085678,2.220632,19.10,065,sn_euclid_only_0226_hst.png
227,1499941097022502185,149.994110,2.250219,16.68,066,sn_euclid_only_0227_hst.png
228,1500645121023004955,150.064512,2.300496,15.69,077,sn_euclid_only_0228_hst.png
229,1501754033022046322,150.175403,2.204632,19.70,065,sn_euclid_only_0229_hst.png
230,1500330100023625499,150.033010,2.362550,17.05,078,sn_euclid_only_0230_hst.png
231,1502002850022097379,150.200285,2.209738,16.85,065,sn_euclid_only_0231_hst.png
232,1500647006024148867,150.064701,2.414887,23.32,077,sn_euclid_only_0232_hst.png
233,1500646016023887406,150.064602,2.388741,17.45,077,sn_euclid_only_0233_hst.png
234,1501327285023920267,150.132729,2.392027,17.93,077,sn_euclid_only_0234_hst.png
235,1501219439025096666,150.121944,2.509667,15.74,089,sn_euclid_only_0235_hst.png
236,1500829609024927474,150.082961,2.492747,16.88,089,sn_euclid_only_0236_hst.png
237,1500423217025017061,150.042322,2.501706,18.03,090,sn_euclid_only_0237_hst.png
238,1502695099024035702,150.269510,2.403570,22.79,076,sn_euclid_only_0238_hst.png
239,1500426691018721141,150.042669,1.872114,24.02,042,sn_euclid_only_0239_hst.png
240,1502273284024135870,150.227328,2.413587,15.76,076,sn_euclid_only_0240_hst.png
241,1501141100024895549,150.114110,2.489555,25.22,089,sn_euclid_only_0241_hst.png
242,1501696792025463349,150.169679,2.546335,15.20,089,sn_euclid_only_0242_hst.png
243,1503242363023859079,150.324236,2.385908,19.32,076,sn_euclid_only_0243_hst.png
244,1500289821024327152,150.028982,2.432715,18.21,078,sn_euclid_only_0244_hst.png
245,1502126134021271347,150.212613,2.127135,19.47,053,sn_euclid_only_0245_hst.png
246,1503152032024410927,150.315203,2.441093,18.22,076,sn_euclid_only_0246_hst.png
247,1502909645024643936,150.290965,2.464394,18.72,088,sn_euclid_only_0247_hst.png
248,1502776649024847512,150.277665,2.484751,17.71,088,sn_euclid_only_0248_hst.png
249,1500915575024355908,150.091558,2.435591,25.17,077,sn_euclid_only_0249_hst.png
250,1501939999023269864,150.194000,2.326986,15.62,077,sn_euclid_only_0250_hst.png
251,1500890282022886070,150.089028,2.288607,17.55,065,sn_euclid_only_0251_hst.png
252,1501501221022361859,150.150122,2.236186,16.94,065,sn_euclid_only_0252_hst.png
253,1502061770021205767,150.206177,2.120577,17.66,053,sn_euclid_only_0253_hst.png
254,1502125348023509526,150.212535,2.350953,17.72,077,sn_euclid_only_0254_hst.png
255,1500669280021526596,150.066928,2.152660,19.29,065,sn_euclid_only_0255_hst.png
256,1500216777023370891,150.021678,2.337089,17.30,078,sn_euclid_only_0256_hst.png
257,1500034012023703347,150.003401,2.370335,15.18,078,sn_euclid_only_0257_hst.png
258,1500729724022162812,150.072972,2.216281,20.28,065,sn_euclid_only_0258_hst.png
259,1500418341023153073,150.041834,2.315307,25.31,078,sn_euclid_only_0259_hst.png
260,1501876109025171805,150.187611,2.517181,16.61,089,sn_euclid_only_0260_hst.png
261,1501452558024760669,150.145256,2.476067,18.38,089,sn_euclid_only_0261_hst.png
262,1499822134022595500,149.982213,2.259550,17.52,066,sn_euclid_only_0262_hst.png
263,1502700326024585257,150.270033,2.458526,25.14,076,sn_euclid_only_0263_hst.png
264,1501301565023387845,150.130157,2.338785,18.86,077,sn_euclid_only_0264_hst.png
265,1499146547021258304,149.914655,2.125830,16.37,054,sn_euclid_only_0265_hst.png
266,1499138395022605405,149.913840,2.260541,17.61,066,sn_euclid_only_0266_hst.png
267,1498831021022832736,149.883102,2.283274,19.03,067,sn_euclid_only_0267_hst.png
268,1499142572022785581,149.914257,2.278558,18.06,066,sn_euclid_only_0268_hst.png
269,1498554502021668619,149.855450,2.166862,17.91,067,sn_euclid_only_0269_hst.png
270,1499105807021347504,149.910581,2.134750,18.15,066,sn_euclid_only_0270_hst.png
271,1498551181022936966,149.855118,2.293697,18.40,067,sn_euclid_only_0271_hst.png
272,1498409417023399388,149.840942,2.339939,18.52,079,sn_euclid_only_0272_hst.png
273,1499646650021845403,149.964665,2.184540,18.04,066,sn_euclid_only_0273_hst.png
274,1498578718022793664,149.857872,2.279366,17.67,067,sn_euclid_only_0274_hst.png
275,1499461764022889631,149.946176,2.288963,19.53,066,sn_euclid_only_0275_hst.png
276,1498508657023541500,149.850866,2.354150,16.04,079,sn_euclid_only_0276_hst.png
277,1499364945022379201,149.936495,2.237920,19.42,066,sn_euclid_only_0277_hst.png
278,1499644863021496501,149.964486,2.149650,18.60,066,sn_euclid_only_0278_hst.png
279,1499612981021537305,149.961298,2.153731,17.89,066,sn_euclid_only_0279_hst.png
280,1504649317022483550,150.464932,2.248355,15.95,063,sn_euclid_only_0280_hst.png
281,1503170007021730866,150.317001,2.173087,23.70,064,sn_euclid_only_0281_hst.png
282,1503127005021272392,150.312701,2.127239,18.58,052,sn_euclid_only_0282_hst.png
283,1504392931022545482,150.439293,2.254548,23.45,063,sn_euclid_only_0283_hst.png
284,1502397195022263584,150.239720,2.226358,15.68,064,sn_euclid_only_0284_hst.png
285,1503398391022719655,150.339839,2.271966,18.50,064,sn_euclid_only_0285_hst.png
286,1502321285022517388,150.232129,2.251739,24.46,064,sn_euclid_only_0286_hst.png
287,1504306201021746769,150.430620,2.174677,17.83,063,sn_euclid_only_0287_hst.png
288,1502234588023415773,150.223459,2.341577,18.41,077,sn_euclid_only_0288_hst.png
289,1499608717023877768,149.960872,2.387777,17.80,078,sn_euclid_only_0289_hst.png
290,1499310092023921918,149.931009,2.392192,16.24,078,sn_euclid_only_0290_hst.png
291,1502324713022529687,150.232471,2.252969,20.52,064,sn_euclid_only_0291_hst.png
292,1502382458022988836,150.238246,2.298884,17.69,076,sn_euclid_only_0292_hst.png
293,1502213838022758513,150.221384,2.275851,15.64,065,sn_euclid_only_0293_hst.png
294,1498830497024613799,149.883050,2.461380,18.54,079,sn_euclid_only_0294_hst.png
295,1499643502024292145,149.964350,2.429215,18.21,078,sn_euclid_only_0295_hst.png
296,1499272083025466857,149.927208,2.546686,17.96,090,sn_euclid_only_0296_hst.png
297,1503488571019291866,150.348857,1.929187,25.12,040,sn_euclid_only_0297_hst.png
298,1503473301020189844,150.347330,2.018984,19.11,052,sn_euclid_only_0298_hst.png
299,1502316976019481898,150.231698,1.948190,18.88,040,sn_euclid_only_0299_hst.png
300,1502672502019570656,150.267250,1.957066,17.66,040,sn_euclid_only_0300_hst.png
301,1502894750019123179,150.289475,1.912318,18.49,040,sn_euclid_only_0301_hst.png
302,1502505181020201966,150.250518,2.020197,18.56,052,sn_euclid_only_0302_hst.png
303,1502060113020006116,150.206011,2.000612,17.80,053,sn_euclid_only_0303_hst.png
304,1502315218018868547,150.231522,1.886855,19.03,040,sn_euclid_only_0304_hst.png
305,1503659481020261347,150.365948,2.026135,25.08,052,sn_euclid_only_0305_hst.png
306,1502490636019166070,150.249064,1.916607,18.61,040,sn_euclid_only_0306_hst.png
307,1502497797019468155,150.249780,1.946816,16.67,040,sn_euclid_only_0307_hst.png
308,1502079671020833324,150.207967,2.083332,19.56,053,sn_euclid_only_0308_hst.png
309,1503056902021185682,150.305690,2.118568,18.37,052,sn_euclid_only_0309_hst.png
310,1503452064020665903,150.345206,2.066590,24.41,052,sn_euclid_only_0310_hst.png
311,1502347657019901219,150.234766,1.990122,16.15,052,sn_euclid_only_0311_hst.png
312,1503839853020192946,150.383985,2.019295,15.79,052,sn_euclid_only_0312_hst.png
313,1503362050020965546,150.336205,2.096555,17.93,052,sn_euclid_only_0313_hst.png
314,1501733996021257387,150.173400,2.125739,18.30,053,sn_euclid_only_0314_hst.png
315,1500279064021398777,150.027906,2.139878,15.65,066,sn_euclid_only_0315_hst.png
316,1502126105021271324,150.212611,2.127132,19.42,053,sn_euclid_only_0316_hst.png
317,1500842440021361869,150.084244,2.136187,23.01,065,sn_euclid_only_0317_hst.png
318,1501500983021702055,150.150098,2.170206,16.60,065,sn_euclid_only_0318_hst.png
319,1501216114021273588,150.121611,2.127359,23.91,053,sn_euclid_only_0319_hst.png
320,1499789574022723974,149.978957,2.272397,19.34,066,sn_euclid_only_0320_hst.png
321,1499728245022335985,149.972825,2.233599,17.80,066,sn_euclid_only_0321_hst.png
322,1501301589023387810,150.130159,2.338781,18.92,077,sn_euclid_only_0322_hst.png
323,1500729737022162787,150.072974,2.216279,20.31,065,sn_euclid_only_0323_hst.png
324,1500042904022654400,150.004290,2.265440,23.77,066,sn_euclid_only_0324_hst.png
325,1499941106022502161,149.994111,2.250216,16.52,066,sn_euclid_only_0325_hst.png
326,1500645119023004924,150.064512,2.300492,15.68,077,sn_euclid_only_0326_hst.png
327,1500418337023153055,150.041834,2.315306,25.32,078,sn_euclid_only_0327_hst.png
328,1500216791023370884,150.021679,2.337088,17.30,078,sn_euclid_only_0328_hst.png
329,1500894499023539520,150.089450,2.353952,18.28,077,sn_euclid_only_0329_hst.png
330,1501939938023269892,150.193994,2.326989,15.55,077,sn_euclid_only_0330_hst.png
331,1501362177023279645,150.136218,2.327965,18.97,077,sn_euclid_only_0331_hst.png
332,1501832035024457166,150.183204,2.445717,17.36,077,sn_euclid_only_0332_hst.png
333,1500009993023851173,150.000999,2.385117,16.57,078,sn_euclid_only_0333_hst.png
334,1500285456024364468,150.028546,2.436447,18.24,078,sn_euclid_only_0334_hst.png
335,1500829626024927501,150.082963,2.492750,16.90,089,sn_euclid_only_0335_hst.png
336,1500628506024118313,150.062851,2.411831,18.29,077,sn_euclid_only_0336_hst.png
337,1501379661024046473,150.137966,2.404647,19.17,077,sn_euclid_only_0337_hst.png
338,1502189378024812240,150.218938,2.481224,16.76,089,sn_euclid_only_0338_hst.png
339,1500289792024327125,150.028979,2.432713,18.16,078,sn_euclid_only_0339_hst.png
340,1500646001023887387,150.064600,2.388739,17.43,077,sn_euclid_only_0340_hst.png
341,1501083093024039240,150.108309,2.403924,16.53,077,sn_euclid_only_0341_hst.png
342,1499977809024352136,149.997781,2.435214,23.83,078,sn_euclid_only_0342_hst.png
343,1500100188024665821,150.010019,2.466582,18.34,090,sn_euclid_only_0343_hst.png
344,1500698719024456978,150.069872,2.445698,24.63,077,sn_euclid_only_0344_hst.png
345,1503279521023835313,150.327952,2.383531,17.94,076,sn_euclid_only_0345_hst.png
346,1501497078024072113,150.149708,2.407211,16.66,077,sn_euclid_only_0346_hst.png
347,1502928326023970201,150.292833,2.397020,18.87,076,sn_euclid_only_0347_hst.png
348,1500423207025017061,150.042321,2.501706,17.98,090,sn_euclid_only_0348_hst.png
349,1500915570024355902,150.091557,2.435590,25.19,077,sn_euclid_only_0349_hst.png
350,1501543277024373302,150.154328,2.437330,16.34,077,sn_euclid_only_0350_hst.png
351,1500346577025440348,150.034658,2.544035,20.29,090,sn_euclid_only_0351_hst.png
352,1503913811024781247,150.391381,2.478125,18.65,088,sn_euclid_only_0352_hst.png
353,1502475280023897137,150.247528,2.389714,15.73,076,sn_euclid_only_0353_hst.png
354,1502844727024339268,150.284473,2.433927,22.80,076,sn_euclid_only_0354_hst.png
355,1502695095024035713,150.269510,2.403571,22.79,076,sn_euclid_only_0355_hst.png
356,1503068872024583021,150.306887,2.458302,15.47,076,sn_euclid_only_0356_hst.png
357,1503242368023859062,150.324237,2.385906,19.27,076,sn_euclid_only_0357_hst.png
358,1503539663023878025,150.353966,2.387803,18.68,076,sn_euclid_only_0358_hst.png
359,1502776691024847493,150.277669,2.484749,17.61,088,sn_euclid_only_0359_hst.png
360,1502575480023878760,150.257548,2.387876,18.51,076,sn_euclid_only_0360_hst.png
361,1504327385024114693,150.432739,2.411469,18.43,075,sn_euclid_only_0361_hst.png
362,1502708116024791058,150.270812,2.479106,19.81,088,sn_euclid_only_0362_hst.png
363,1501978374019913302,150.197837,1.991330,15.41,053,sn_euclid_only_0363_hst.png
364,1501431048019320657,150.143105,1.932066,18.42,041,sn_euclid_only_0364_hst.png
365,1501829170019066589,150.182917,1.906659,23.06,041,sn_euclid_only_0365_hst.png
366,1499654378019254575,149.965438,1.925458,18.20,042,sn_euclid_only_0366_hst.png
367,1500640028021013582,150.064003,2.101358,16.00,053,sn_euclid_only_0367_hst.png
368,1499967558018845745,149.996756,1.884575,19.87,042,sn_euclid_only_0368_hst.png
369,1501339995019086519,150.134000,1.908652,16.01,041,sn_euclid_only_0369_hst.png
370,1500800599018867758,150.080060,1.886776,16.72,041,sn_euclid_only_0370_hst.png
371,1499694991020313572,149.969499,2.031357,18.57,054,sn_euclid_only_0371_hst.png
372,1500611831018825745,150.061183,1.882575,18.45,041,sn_euclid_only_0372_hst.png
373,1500576670021040022,150.057667,2.104002,17.71,054,sn_euclid_only_0373_hst.png
374,1501072431019009804,150.107243,1.900980,19.31,041,sn_euclid_only_0374_hst.png
375,1501939625020422145,150.193963,2.042215,22.46,053,sn_euclid_only_0375_hst.png
376,1501032368020419465,150.103237,2.041947,17.78,053,sn_euclid_only_0376_hst.png
377,1499638697019024936,149.963870,1.902494,16.61,042,sn_euclid_only_0377_hst.png
378,1500481135020424329,150.048114,2.042433,17.89,054,sn_euclid_only_0378_hst.png
379,1501048142020902510,150.104814,2.090251,15.50,053,sn_euclid_only_0379_hst.png
380,1499770730020413861,149.977073,2.041386,16.54,054,sn_euclid_only_0380_hst.png
381,1501594334020548631,150.159433,2.054863,17.20,053,sn_euclid_only_0381_hst.png
382,1501051538020856255,150.105154,2.085626,15.72,053,sn_euclid_only_0382_hst.png
383,1500649453020727911,150.064945,2.072791,20.28,053,sn_euclid_only_0383_hst.png
384,1503057095018295620,150.305710,1.829562,16.06,040,sn_euclid_only_0384_hst.png
385,1502509165018118630,150.250917,1.811863,18.22,040,sn_euclid_only_0385_hst.png
386,1502750772018197071,150.275077,1.819707,19.00,040,sn_euclid_only_0386_hst.png
387,1503230459018725429,150.323046,1.872543,18.37,040,sn_euclid_only_0387_hst.png
388,1501818400018422102,150.181840,1.842210,15.91,041,sn_euclid_only_0388_hst.png
389,1502072535018645412,150.207254,1.864541,18.10,041,sn_euclid_only_0389_hst.png
390,1502254988018507799,150.225499,1.850780,18.05,041,sn_euclid_only_0390_hst.png
391,1502918310017833099,150.291831,1.783310,21.14,028,sn_euclid_only_0391_hst.png
392,1502120508018043281,150.212051,1.804328,18.71,041,sn_euclid_only_0392_hst.png
393,1500426691018721124,150.042669,1.872112,24.18,042,sn_euclid_only_0393_hst.png
394,1501635367018576450,150.163537,1.857645,17.30,041,sn_euclid_only_0394_hst.png
395,1497985352019560942,149.798535,1.956094,16.83,043,sn_euclid_only_0395_hst.png
396,1497350687020163938,149.735069,2.016394,18.93,055,sn_euclid_only_0396_hst.png
397,1498239715020117736,149.823972,2.011774,18.55,055,sn_euclid_only_0397_hst.png
398,1498335149020583012,149.833515,2.058301,18.84,055,sn_euclid_only_0398_hst.png
399,1499263698019363943,149.926370,1.936394,19.26,042,sn_euclid_only_0399_hst.png
400,1497564774019789466,149.756477,1.978947,20.10,055,sn_euclid_only_0400_hst.png
401,1497693009019859664,149.769301,1.985966,20.08,055,sn_euclid_only_0401_hst.png
402,1499330397020858659,149.933040,2.085866,18.56,054,sn_euclid_only_0402_hst.png
403,1499059577020257539,149.905958,2.025754,18.86,054,sn_euclid_only_0403_hst.png
404,1498613096019876044,149.861310,1.987604,21.76,055,sn_euclid_only_0404_hst.png
405,1498619410021544159,149.861941,2.154416,18.44,067,sn_euclid_only_0405_hst.png
406,1498551188022936931,149.855119,2.293693,18.37,067,sn_euclid_only_0406_hst.png
407,1499329376022674173,149.932938,2.267417,19.99,066,sn_euclid_only_0407_hst.png
408,1499142570022785541,149.914257,2.278554,17.95,066,sn_euclid_only_0408_hst.png
409,1499052551022661460,149.905255,2.266146,16.14,066,sn_euclid_only_0409_hst.png
410,1497801125021329426,149.780113,2.132943,18.99,067,sn_euclid_only_0410_hst.png
411,1499613002021537236,149.961300,2.153724,17.91,066,sn_euclid_only_0411_hst.png
412,1499138400022605370,149.913840,2.260537,17.67,066,sn_euclid_only_0412_hst.png
413,1499036741023027788,149.903674,2.302779,22.01,078,sn_euclid_only_0413_hst.png
414,1499428128022594524,149.942813,2.259452,18.39,066,sn_euclid_only_0414_hst.png
415,1498831093022832705,149.883109,2.283271,18.99,067,sn_euclid_only_0415_hst.png
416,1498515448023485031,149.851545,2.348503,20.32,079,sn_euclid_only_0416_hst.png
417,1498444809022171709,149.844481,2.217171,19.32,067,sn_euclid_only_0417_hst.png
418,1499443927023320932,149.944393,2.332093,18.00,078,sn_euclid_only_0418_hst.png
419,1498409382023399429,149.840938,2.339943,18.47,079,sn_euclid_only_0419_hst.png
420,1498382001023311259,149.838200,2.331126,17.02,079,sn_euclid_only_0420_hst.png
421,1499163801021483290,149.916380,2.148329,23.91,066,sn_euclid_only_0421_hst.png
422,1499197262023538035,149.919726,2.353804,17.88,078,sn_euclid_only_0422_hst.png
423,1498520944023150012,149.852094,2.315001,19.43,079,sn_euclid_only_0423_hst.png
424,1499461712022889587,149.946171,2.288959,19.53,066,sn_euclid_only_0424_hst.png
425,1498167487021991933,149.816749,2.199193,19.37,067,sn_euclid_only_0425_hst.png
426,1504749999023722488,150.475000,2.372249,16.19,075,sn_euclid_only_0426_hst.png
427,1504776031023506074,150.477603,2.350607,17.83,075,sn_euclid_only_0427_hst.png
428,1502750949018197094,150.275095,1.819709,19.15,040,sn_euclid_only_0428_hst.png
429,1502751352018469681,150.275135,1.846968,17.82,040,sn_euclid_only_0429_hst.png
430,1499237795025766226,149.923780,2.576623,23.57,090,sn_euclid_only_0430_hst.png
431,1499545804025076930,149.954580,2.507693,19.90,090,sn_euclid_only_0431_hst.png
432,1499454693024382199,149.945469,2.438220,18.30,078,sn_euclid_only_0432_hst.png
433,1499272063025466843,149.927206,2.546684,18.01,090,sn_euclid_only_0433_hst.png
434,1498239705020117773,149.823971,2.011777,18.59,055,sn_euclid_only_0434_hst.png
435,1497445065020275162,149.744507,2.027516,19.61,055,sn_euclid_only_0435_hst.png
436,1501822187018507997,150.182219,1.850800,18.48,041,sn_euclid_only_0436_hst.png
437,1499101543024561929,149.910154,2.456193,17.64,078,sn_euclid_only_0437_hst.png
438,1498335178020583007,149.833518,2.058301,18.86,055,sn_euclid_only_0438_hst.png
439,1502410240018755309,150.241024,1.875531,19.27,040,sn_euclid_only_0439_hst.png
440,1504819918023717155,150.481992,2.371716,15.34,075,sn_euclid_only_0440_hst.png
441,1499256397025740363,149.925640,2.574036,20.06,090,sn_euclid_only_0441_hst.png
442,1502125150020433798,150.212515,2.043380,15.61,053,sn_euclid_only_0442_hst.png
443,1499059601020257603,149.905960,2.025760,18.76,054,sn_euclid_only_0443_hst.png
444,1499148802021115342,149.914880,2.111534,16.12,054,sn_euclid_only_0444_hst.png
445,1502505239020202004,150.250524,2.020200,18.59,052,sn_euclid_only_0445_hst.png
446,1503063457020765356,150.306346,2.076536,18.00,052,sn_euclid_only_0446_hst.png
447,1499414812020178353,149.941481,2.017835,18.03,054,sn_euclid_only_0447_hst.png
448,1503234389021077463,150.323439,2.107746,23.20,052,sn_euclid_only_0448_hst.png
449,1498718444021006830,149.871844,2.100683,18.35,055,sn_euclid_only_0449_hst.png
450,1503056904021185842,150.305690,2.118584,18.44,052,sn_euclid_only_0450_hst.png
451,1502354893019170840,150.235489,1.917084,19.26,040,sn_euclid_only_0451_hst.png
452,1503382658020941089,150.338266,2.094109,22.16,052,sn_euclid_only_0452_hst.png
453,1505080607023843945,150.508061,2.384395,24.22,075,sn_euclid_only_0453_hst.png
454,1499330442020858702,149.933044,2.085870,18.51,054,sn_euclid_only_0454_hst.png
455,1497898012019635863,149.789801,1.963586,22.18,055,sn_euclid_only_0455_hst.png
456,1498852081020236424,149.885208,2.023642,16.49,055,sn_euclid_only_0456_hst.png
457,1497639504020749681,149.763950,2.074968,16.70,055,sn_euclid_only_0457_hst.png
458,1497378855020599960,149.737886,2.059996,24.33,055,sn_euclid_only_0458_hst.png
459,1497578942019887967,149.757894,1.988797,18.83,055,sn_euclid_only_0459_hst.png
460,1502847291020420241,150.284729,2.042024,17.45,052,sn_euclid_only_0460_hst.png
461,1503659507020261354,150.365951,2.026135,25.04,052,sn_euclid_only_0461_hst.png
462,1502079678020833354,150.207968,2.083335,19.55,053,sn_euclid_only_0462_hst.png
463,1502360574021813684,150.236057,2.181368,18.67,064,sn_euclid_only_0463_hst.png
464,1503604289022345356,150.360429,2.234536,24.68,064,sn_euclid_only_0464_hst.png
465,1503586844023172704,150.358684,2.317270,15.88,076,sn_euclid_only_0465_hst.png
466,1502060148020006174,150.206015,2.000617,17.78,053,sn_euclid_only_0466_hst.png
467,1504750034023722519,150.475003,2.372252,16.29,075,sn_euclid_only_0467_hst.png
468,1502672534019570683,150.267253,1.957068,17.68,040,sn_euclid_only_0468_hst.png
469,1503488648019291869,150.348865,1.929187,25.10,040,sn_euclid_only_0469_hst.png
470,1503780396021125852,150.378040,2.112585,15.61,052,sn_euclid_only_0470_hst.png
471,1502497813019468225,150.249781,1.946823,16.66,040,sn_euclid_only_0471_hst.png
472,1503187766019899996,150.318777,1.990000,17.75,052,sn_euclid_only_0472_hst.png
473,1500018289019201969,150.001829,1.920197,17.98,042,sn_euclid_only_0473_hst.png
474,1501256332019649972,150.125633,1.964997,16.27,053,sn_euclid_only_0474_hst.png
475,1501032373020419519,150.103237,2.041952,17.75,053,sn_euclid_only_0475_hst.png
476,1500576651021040029,150.057665,2.104003,17.74,054,sn_euclid_only_0476_hst.png
477,1501072471019009857,150.107247,1.900986,19.36,041,sn_euclid_only_0477_hst.png
478,1500056328020063369,150.005633,2.006337,17.74,054,sn_euclid_only_0478_hst.png
479,1501594367020548673,150.159437,2.054867,17.25,053,sn_euclid_only_0479_hst.png
480,1502315244018868561,150.231524,1.886856,19.14,040,sn_euclid_only_0480_hst.png
481,1503852428021991304,150.385243,2.199130,18.53,064,sn_euclid_only_0481_hst.png
482,1502324738022529694,150.232474,2.252969,20.56,064,sn_euclid_only_0482_hst.png
483,1503317476022074849,150.331748,2.207485,22.67,064,sn_euclid_only_0483_hst.png
484,1502321293022517392,150.232129,2.251739,24.41,064,sn_euclid_only_0484_hst.png
485,1502213881022758470,150.221388,2.275847,15.68,065,sn_euclid_only_0485_hst.png
486,1503906097022030321,150.390610,2.203032,17.54,064,sn_euclid_only_0486_hst.png
487,1503760082022251501,150.376008,2.225150,25.15,064,sn_euclid_only_0487_hst.png
488,1503510477020103147,150.351048,2.010315,17.67,052,sn_euclid_only_0488_hst.png
489,1504392981022545467,150.439298,2.254547,23.35,063,sn_euclid_only_0489_hst.png
490,1502415056023505044,150.241506,2.350504,15.42,076,sn_euclid_only_0490_hst.png
491,1502234612023415789,150.223461,2.341579,18.45,077,sn_euclid_only_0491_hst.png
492,1500224712019426021,150.022471,1.942602,17.53,042,sn_euclid_only_0492_hst.png
493,1500162973020973795,150.016297,2.097380,15.61,054,sn_euclid_only_0493_hst.png
494,1499967590018845866,149.996759,1.884587,19.94,042,sn_euclid_only_0494_hst.png
495,1499654378019254668,149.965438,1.925467,18.25,042,sn_euclid_only_0495_hst.png
496,1501351108020278194,150.135111,2.027819,15.50,053,sn_euclid_only_0496_hst.png
497,1501748828020797731,150.174883,2.079773,16.66,053,sn_euclid_only_0497_hst.png
498,1501051537020856288,150.105154,2.085629,15.79,053,sn_euclid_only_0498_hst.png
499,1500866743019227780,150.086674,1.922778,17.57,041,sn_euclid_only_0499_hst.png
500,1501744221019108492,150.174422,1.910849,17.91,041,sn_euclid_only_0500_hst.png
501,1501978473019913306,150.197847,1.991331,15.50,053,sn_euclid_only_0501_hst.png
502,1501369654021146916,150.136965,2.114692,16.26,053,sn_euclid_only_0502_hst.png
503,1499936835020219974,149.993684,2.021997,17.43,054,sn_euclid_only_0503_hst.png
504,1500443106020831389,150.044311,2.083139,15.52,054,sn_euclid_only_0504_hst.png
505,1501177089019026177,150.117709,1.902618,18.10,041,sn_euclid_only_0505_hst.png
506,1503800188023466872,150.380019,2.346687,17.91,076,sn_euclid_only_0506_hst.png
507,1500656272024160629,150.065627,2.416063,25.43,077,sn_euclid_only_0507_hst.png
508,1499850824020687436,149.985082,2.068744,15.44,054,sn_euclid_only_0508_hst.png
509,1500009040025585176,150.000904,2.558518,18.62,090,sn_euclid_only_0509_hst.png
510,1501083079024039290,150.108308,2.403929,16.45,077,sn_euclid_only_0510_hst.png
511,1500080059024879946,150.008006,2.487995,15.96,090,sn_euclid_only_0511_hst.png
512,1502189377024812249,150.218938,2.481225,16.76,089,sn_euclid_only_0512_hst.png
513,1502475319023897088,150.247532,2.389709,15.61,076,sn_euclid_only_0513_hst.png
514,1503142059024225011,150.314206,2.422501,15.90,076,sn_euclid_only_0514_hst.png
515,1500092054022143168,150.009205,2.214317,19.74,066,sn_euclid_only_0515_hst.png
516,1500168439024906540,150.016844,2.490654,19.33,090,sn_euclid_only_0516_hst.png
517,1504886494023932942,150.488649,2.393294,18.38,075,sn_euclid_only_0517_hst.png
518,1500346577025440335,150.034658,2.544034,20.34,090,sn_euclid_only_0518_hst.png
519,1501414790023578439,150.141479,2.357844,25.42,077,sn_euclid_only_0519_hst.png
520,1499948529022503822,149.994853,2.250382,17.49,066,sn_euclid_only_0520_hst.png
521,1501734009021257443,150.173401,2.125744,18.34,053,sn_euclid_only_0521_hst.png
522,1504842339024338634,150.484234,2.433863,16.80,075,sn_euclid_only_0522_hst.png
523,1500036372024393315,150.003637,2.439332,24.55,078,sn_euclid_only_0523_hst.png
524,1501409377022608662,150.140938,2.260866,18.19,065,sn_euclid_only_0524_hst.png
525,1503583936024389451,150.358394,2.438945,16.22,076,sn_euclid_only_0525_hst.png
526,1501367614023875536,150.136761,2.387554,15.50,077,sn_euclid_only_0526_hst.png
527,1501369725023393603,150.136973,2.339360,17.83,077,sn_euclid_only_0527_hst.png
528,1499718194023169733,149.971819,2.316973,18.49,078,sn_euclid_only_0528_hst.png
529,1500465133021882727,150.046513,2.188273,16.86,066,sn_euclid_only_0529_hst.png
530,1502844738024339279,150.284474,2.433928,22.82,076,sn_euclid_only_0530_hst.png
531,1501543250024373319,150.154325,2.437332,16.32,077,sn_euclid_only_0531_hst.png
532,1502236384024806620,150.223638,2.480662,19.05,089,sn_euclid_only_0532_hst.png
533,1504327446024114702,150.432745,2.411470,18.53,075,sn_euclid_only_0533_hst.png
534,1501501137021702077,150.150114,2.170208,16.62,065,sn_euclid_only_0534_hst.png
535,1502739463024726015,150.273946,2.472602,16.63,088,sn_euclid_only_0535_hst.png
536,1502100711024660240,150.210071,2.466024,18.63,089,sn_euclid_only_0536_hst.png
537,1502824711024147885,150.282471,2.414789,23.61,076,sn_euclid_only_0537_hst.png
538,1499938974024629192,149.993897,2.462919,17.82,090,sn_euclid_only_0538_hst.png
539,1500009982023851172,150.000998,2.385117,16.53,078,sn_euclid_only_0539_hst.png
540,1500114017025241965,150.011402,2.524197,17.08,090,sn_euclid_only_0540_hst.png
541,1500698706024456976,150.069871,2.445698,24.63,077,sn_euclid_only_0541_hst.png
542,1501450329024137763,150.145033,2.413776,17.98,077,sn_euclid_only_0542_hst.png
543,1502028374024667214,150.202837,2.466721,18.81,089,sn_euclid_only_0543_hst.png
544,1500100224024665804,150.010022,2.466580,18.50,090,sn_euclid_only_0544_hst.png
545,1501832019024457158,150.183202,2.445716,17.36,077,sn_euclid_only_0545_hst.png
546,1500628487024118310,150.062849,2.411831,18.31,077,sn_euclid_only_0546_hst.png
547,1503279559023835351,150.327956,2.383535,18.03,076,sn_euclid_only_0547_hst.png
548,1502451372025380664,150.245137,2.538066,15.42,088,sn_euclid_only_0548_hst.png
549,1500292688025843416,150.029269,2.584342,15.76,090,sn_euclid_only_0549_hst.png
550,1503509253024719042,150.350925,2.471904,18.78,088,sn_euclid_only_0550_hst.png
551,1502693385024601356,150.269339,2.460136,17.72,076,sn_euclid_only_0551_hst.png
552,1502708139024791043,150.270814,2.479104,19.86,088,sn_euclid_only_0552_hst.png
553,1502906283024646717,150.290628,2.464672,19.59,088,sn_euclid_only_0553_hst.png
554,1503068915024583127,150.306892,2.458313,15.55,076,sn_euclid_only_0554_hst.png
555,1501999304022093362,150.199930,2.209336,15.29,065,sn_euclid_only_0555_hst.png
556,1501296486023450898,150.129649,2.345090,25.31,077,sn_euclid_only_0556_hst.png
557,1500842430021361896,150.084243,2.136190,23.02,065,sn_euclid_only_0557_hst.png
558,1499728241022336006,149.972824,2.233601,17.83,066,sn_euclid_only_0558_hst.png
559,1500584663023537783,150.058466,2.353778,21.82,078,sn_euclid_only_0559_hst.png
560,1499977829024352138,149.997783,2.435214,23.86,078,sn_euclid_only_0560_hst.png
561,1501338365023433031,150.133837,2.343303,15.52,077,sn_euclid_only_0561_hst.png
562,1500042873022654412,150.004287,2.265441,23.84,066,sn_euclid_only_0562_hst.png
563,1501731301021982439,150.173130,2.198244,25.32,065,sn_euclid_only_0563_hst.png
564,1499789567022724035,149.978957,2.272404,19.31,066,sn_euclid_only_0564_hst.png
565,1500279081021398845,150.027908,2.139885,15.61,066,sn_euclid_only_0565_hst.png
566,1502099731022601656,150.209973,2.260166,24.87,065,sn_euclid_only_0566_hst.png
567,1502928347023970183,150.292835,2.397018,18.88,076,sn_euclid_only_0567_hst.png
568,1501362216023279686,150.136222,2.327969,18.97,077,sn_euclid_only_0568_hst.png
569,1499036797023027862,149.903680,2.302786,22.27,078,sn_euclid_only_0569_hst.png
570,1500894486023539529,150.089449,2.353953,18.22,077,sn_euclid_only_0570_hst.png
571,1498381988023311346,149.838199,2.331135,16.98,079,sn_euclid_only_0571_hst.png
572,1499197139023538097,149.919714,2.353810,17.94,078,sn_euclid_only_0572_hst.png
573,1498520955023150030,149.852096,2.315003,19.42,079,sn_euclid_only_0573_hst.png
574,1497801212021329480,149.780121,2.132948,19.02,067,sn_euclid_only_0574_hst.png
575,1499661572023661322,149.966157,2.366132,16.73,078,sn_euclid_only_0575_hst.png
576,1498444855022171748,149.844486,2.217175,19.25,067,sn_euclid_only_0576_hst.png
577,1499428151022594547,149.942815,2.259455,18.34,066,sn_euclid_only_0577_hst.png
578,1498619601021544199,149.861960,2.154420,18.42,067,sn_euclid_only_0578_hst.png
579,1499163810021483323,149.916381,2.148332,23.88,066,sn_euclid_only_0579_hst.png
580,1498278391023130803,149.827839,2.313080,18.60,079,sn_euclid_only_0580_hst.png
581,1498334058022586902,149.833406,2.258690,16.65,067,sn_euclid_only_0581_hst.png
582,1498167441021991998,149.816744,2.199200,19.41,067,sn_euclid_only_0582_hst.png
583,1499052577022661482,149.905258,2.266148,16.07,066,sn_euclid_only_0583_hst.png
584,1499443922023320951,149.944392,2.332095,17.99,078,sn_euclid_only_0584_hst.png
585,1499146458021285771,149.914646,2.128577,19.39,066,sn_euclid_only_0585_hst.png
