seq,id,ra,dec,mag,tile,euclid_vis_png,euclid_nisp_png
1,710,149.786712,2.136603,19.29,101542816,sn_jwst_only_0001_euclid_vis.png,sn_jwst_only_0001_euclid_nisp.png
2,993,149.820106,2.123314,18.36,101542816,sn_jwst_only_0002_euclid_vis.png,sn_jwst_only_0002_euclid_nisp.png
3,5157,149.847789,2.141673,20.60,101542816,sn_jwst_only_0003_euclid_vis.png,sn_jwst_only_0003_euclid_nisp.png
4,5293,149.826521,2.150653,20.91,101544256,sn_jwst_only_0004_euclid_vis.png,sn_jwst_only_0004_euclid_nisp.png
5,6173,149.843399,2.147613,17.82,101544256,sn_jwst_only_0005_euclid_vis.png,sn_jwst_only_0005_euclid_nisp.png
6,6175,149.845131,2.147421,18.49,101544256,sn_jwst_only_0006_euclid_vis.png,sn_jwst_only_0006_euclid_nisp.png
7,6608,149.785993,2.173333,20.18,101544256,sn_jwst_only_0007_euclid_vis.png,sn_jwst_only_0007_euclid_nisp.png
8,7139,149.860448,2.151227,20.96,101544256,sn_jwst_only_0008_euclid_vis.png,sn_jwst_only_0008_euclid_nisp.png
9,11369,149.883493,2.171815,20.07,101544256,sn_jwst_only_0009_euclid_vis.png,sn_jwst_only_0009_euclid_nisp.png
10,12265,149.885414,2.177126,19.47,101544256,sn_jwst_only_0010_euclid_vis.png,sn_jwst_only_0010_euclid_nisp.png
11,13501,149.805892,2.217271,21.72,101544256,sn_jwst_only_0011_euclid_vis.png,sn_jwst_only_0011_euclid_nisp.png
12,18682,149.813652,2.252448,21.47,101544256,sn_jwst_only_0012_euclid_vis.png,sn_jwst_only_0012_euclid_nisp.png
13,19115,149.812188,2.251190,22.07,101544256,sn_jwst_only_0013_euclid_vis.png,sn_jwst_only_0013_euclid_nisp.png
14,19116,149.812507,2.252237,19.62,101544256,sn_jwst_only_0014_euclid_vis.png,sn_jwst_only_0014_euclid_nisp.png
15,20524,149.863645,2.247729,18.97,101544256,sn_jwst_only_0015_euclid_vis.png,sn_jwst_only_0015_euclid_nisp.png
16,24169,149.893999,2.260301,22.66,101544256,sn_jwst_only_0016_euclid_vis.png,sn_jwst_only_0016_euclid_nisp.png
17,24171,149.895348,2.260661,20.08,101544256,sn_jwst_only_0017_euclid_vis.png,sn_jwst_only_0017_euclid_nisp.png
18,24206,149.826135,2.286788,22.23,101544256,sn_jwst_only_0018_euclid_vis.png,sn_jwst_only_0018_euclid_nisp.png
19,25574,149.853302,2.284523,20.59,101544256,sn_jwst_only_0019_euclid_vis.png,sn_jwst_only_0019_euclid_nisp.png
20,40768,149.967756,2.082413,20.62,101542817,sn_jwst_only_0020_euclid_vis.png,sn_jwst_only_0020_euclid_nisp.png
21,41374,149.972238,2.085883,22.27,101542817,sn_jwst_only_0021_euclid_vis.png,sn_jwst_only_0021_euclid_nisp.png
22,41456,149.943332,2.095974,21.41,101542816,sn_jwst_only_0022_euclid_vis.png,sn_jwst_only_0022_euclid_nisp.png
23,42787,149.966386,2.095169,20.85,101542817,sn_jwst_only_0023_euclid_vis.png,sn_jwst_only_0023_euclid_nisp.png
24,45349,150.009385,2.095995,20.46,101542817,sn_jwst_only_0024_euclid_vis.png,sn_jwst_only_0024_euclid_nisp.png
25,45717,149.991755,2.107331,20.67,101542817,sn_jwst_only_0025_euclid_vis.png,sn_jwst_only_0025_euclid_nisp.png
26,48498,149.924223,2.149829,18.61,101544256,sn_jwst_only_0026_euclid_vis.png,sn_jwst_only_0026_euclid_nisp.png
27,49773,149.893100,2.169540,20.66,101544256,sn_jwst_only_0027_euclid_vis.png,sn_jwst_only_0027_euclid_nisp.png
28,50288,149.908901,2.149720,19.02,101544256,sn_jwst_only_0028_euclid_vis.png,sn_jwst_only_0028_euclid_nisp.png
29,50292,149.910537,2.153938,19.36,101544256,sn_jwst_only_0029_euclid_vis.png,sn_jwst_only_0029_euclid_nisp.png
30,51183,149.994076,2.145350,22.29,101544257,sn_jwst_only_0030_euclid_vis.png,sn_jwst_only_0030_euclid_nisp.png
31,52513,149.987779,2.157597,18.50,101544257,sn_jwst_only_0031_euclid_vis.png,sn_jwst_only_0031_euclid_nisp.png
32,52677,149.996798,2.154511,19.63,101544257,sn_jwst_only_0032_euclid_vis.png,sn_jwst_only_0032_euclid_nisp.png
33,54510,149.957835,2.183000,20.88,101544256,sn_jwst_only_0033_euclid_vis.png,sn_jwst_only_0033_euclid_nisp.png
34,55483,149.956118,2.188564,22.94,101544256,sn_jwst_only_0034_euclid_vis.png,sn_jwst_only_0034_euclid_nisp.png
35,58185,149.963837,2.202605,19.00,101544256,sn_jwst_only_0035_euclid_vis.png,sn_jwst_only_0035_euclid_nisp.png
36,58672,149.930346,2.218254,18.43,101544256,sn_jwst_only_0036_euclid_vis.png,sn_jwst_only_0036_euclid_nisp.png
37,61404,149.970039,2.222339,19.27,101544256,sn_jwst_only_0037_euclid_vis.png,sn_jwst_only_0037_euclid_nisp.png
38,61688,150.024315,2.203172,22.40,101544257,sn_jwst_only_0038_euclid_vis.png,sn_jwst_only_0038_euclid_nisp.png
39,62423,150.045965,2.201119,21.84,101544257,sn_jwst_only_0039_euclid_vis.png,sn_jwst_only_0039_euclid_nisp.png
40,63115,149.921500,2.250145,22.49,101544256,sn_jwst_only_0040_euclid_vis.png,sn_jwst_only_0040_euclid_nisp.png
41,63918,149.959961,2.239606,18.92,101544256,sn_jwst_only_0041_euclid_vis.png,sn_jwst_only_0041_euclid_nisp.png
42,63922,149.964132,2.230732,19.22,101544256,sn_jwst_only_0042_euclid_vis.png,sn_jwst_only_0042_euclid_nisp.png
43,63925,149.959131,2.240993,20.32,101544256,sn_jwst_only_0043_euclid_vis.png,sn_jwst_only_0043_euclid_nisp.png
44,64344,150.049612,2.211724,20.46,101544257,sn_jwst_only_0044_euclid_vis.png,sn_jwst_only_0044_euclid_nisp.png
45,65518,150.050125,2.217411,20.26,101544257,sn_jwst_only_0045_euclid_vis.png,sn_jwst_only_0045_euclid_nisp.png
46,65520,150.048868,2.213840,20.13,101544257,sn_jwst_only_0046_euclid_vis.png,sn_jwst_only_0046_euclid_nisp.png
47,65892,150.044410,2.223917,19.64,101544257,sn_jwst_only_0047_euclid_vis.png,sn_jwst_only_0047_euclid_nisp.png
48,66507,149.948658,2.262269,22.17,101544256,sn_jwst_only_0048_euclid_vis.png,sn_jwst_only_0048_euclid_nisp.png
49,78238,150.023822,2.045081,19.97,101542817,sn_jwst_only_0049_euclid_vis.png,sn_jwst_only_0049_euclid_nisp.png
50,78585,150.126149,2.010856,18.31,101542817,sn_jwst_only_0050_euclid_vis.png,sn_jwst_only_0050_euclid_nisp.png
51,79893,150.077345,2.036914,23.22,101542817,sn_jwst_only_0051_euclid_vis.png,sn_jwst_only_0051_euclid_nisp.png
52,81991,150.132887,2.027950,21.89,101542817,sn_jwst_only_0052_euclid_vis.png,sn_jwst_only_0052_euclid_nisp.png
53,85722,150.072381,2.081361,19.58,101542817,sn_jwst_only_0053_euclid_vis.png,sn_jwst_only_0053_euclid_nisp.png
54,85920,150.075543,2.081209,20.41,101542817,sn_jwst_only_0054_euclid_vis.png,sn_jwst_only_0054_euclid_nisp.png
55,86809,150.148388,2.060638,21.55,101542817,sn_jwst_only_0055_euclid_vis.png,sn_jwst_only_0055_euclid_nisp.png
56,88349,150.135389,2.076441,21.97,101542817,sn_jwst_only_0056_euclid_vis.png,sn_jwst_only_0056_euclid_nisp.png
57,88781,150.103265,2.091908,21.62,101542817,sn_jwst_only_0057_euclid_vis.png,sn_jwst_only_0057_euclid_nisp.png
58,88968,150.149532,2.076133,18.57,101542817,sn_jwst_only_0058_euclid_vis.png,sn_jwst_only_0058_euclid_nisp.png
59,90408,150.122499,2.097915,21.56,101542817,sn_jwst_only_0059_euclid_vis.png,sn_jwst_only_0059_euclid_nisp.png
60,91824,150.087276,2.121066,19.32,101542817,sn_jwst_only_0060_euclid_vis.png,sn_jwst_only_0060_euclid_nisp.png
61,91871,150.106582,2.114409,19.26,101542817,sn_jwst_only_0061_euclid_vis.png,sn_jwst_only_0061_euclid_nisp.png
62,93667,150.133684,2.117311,20.56,101542817,sn_jwst_only_0062_euclid_vis.png,sn_jwst_only_0062_euclid_nisp.png
63,94205,150.074696,2.128554,20.38,101542817,sn_jwst_only_0063_euclid_vis.png,sn_jwst_only_0063_euclid_nisp.png
64,95029,150.134395,2.125196,19.74,101542817,sn_jwst_only_0064_euclid_vis.png,sn_jwst_only_0064_euclid_nisp.png
65,95412,150.058836,2.155164,21.50,101544257,sn_jwst_only_0065_euclid_vis.png,sn_jwst_only_0065_euclid_nisp.png
66,96873,150.051248,2.166318,20.36,101544257,sn_jwst_only_0066_euclid_vis.png,sn_jwst_only_0066_euclid_nisp.png
67,98542,150.165587,2.133494,21.04,101542817,sn_jwst_only_0067_euclid_vis.png,sn_jwst_only_0067_euclid_nisp.png
68,98544,150.166287,2.135136,20.46,101542817,sn_jwst_only_0068_euclid_vis.png,sn_jwst_only_0068_euclid_nisp.png
69,99660,150.123514,2.149793,20.78,101544257,sn_jwst_only_0069_euclid_vis.png,sn_jwst_only_0069_euclid_nisp.png
70,103231,150.055229,2.205794,21.12,101544257,sn_jwst_only_0070_euclid_vis.png,sn_jwst_only_0070_euclid_nisp.png
71,103357,150.057542,2.205458,21.38,101544257,sn_jwst_only_0071_euclid_vis.png,sn_jwst_only_0071_euclid_nisp.png
72,105075,150.106314,2.200257,22.39,101544257,sn_jwst_only_0072_euclid_vis.png,sn_jwst_only_0072_euclid_nisp.png
73,105317,150.093102,2.204235,21.70,101544257,sn_jwst_only_0073_euclid_vis.png,sn_jwst_only_0073_euclid_nisp.png
74,105741,150.092621,2.209736,22.46,101544257,sn_jwst_only_0074_euclid_vis.png,sn_jwst_only_0074_euclid_nisp.png
75,117983,150.188838,1.984619,19.42,101542817,sn_jwst_only_0075_euclid_vis.png,sn_jwst_only_0075_euclid_nisp.png
76,118899,150.193011,1.990955,20.43,101542817,sn_jwst_only_0076_euclid_vis.png,sn_jwst_only_0076_euclid_nisp.png
77,119884,150.197529,1.985719,18.70,101542817,sn_jwst_only_0077_euclid_vis.png,sn_jwst_only_0077_euclid_nisp.png
78,123125,150.273859,1.991845,19.93,101542818,sn_jwst_only_0078_euclid_vis.png,sn_jwst_only_0078_euclid_nisp.png
79,123956,150.183023,2.029010,18.48,101542817,sn_jwst_only_0079_euclid_vis.png,sn_jwst_only_0079_euclid_nisp.png
80,125023,150.274916,1.995361,18.93,101542818,sn_jwst_only_0080_euclid_vis.png,sn_jwst_only_0080_euclid_nisp.png
81,125041,150.175008,2.041448,19.94,101542817,sn_jwst_only_0081_euclid_vis.png,sn_jwst_only_0081_euclid_nisp.png
82,127851,150.280564,2.021276,21.37,101542818,sn_jwst_only_0082_euclid_vis.png,sn_jwst_only_0082_euclid_nisp.png
83,130441,150.219022,2.056642,21.72,101542818,sn_jwst_only_0083_euclid_vis.png,sn_jwst_only_0083_euclid_nisp.png
84,130735,150.238531,2.053922,21.68,101542818,sn_jwst_only_0084_euclid_vis.png,sn_jwst_only_0084_euclid_nisp.png
85,130856,150.196076,2.071002,20.49,101542817,sn_jwst_only_0085_euclid_vis.png,sn_jwst_only_0085_euclid_nisp.png
86,131452,150.211444,2.069101,18.41,101542817,sn_jwst_only_0086_euclid_vis.png,sn_jwst_only_0086_euclid_nisp.png
87,131453,150.212630,2.065657,20.27,101542818,sn_jwst_only_0087_euclid_vis.png,sn_jwst_only_0087_euclid_nisp.png
88,132285,150.299048,2.043214,21.62,101542818,sn_jwst_only_0088_euclid_vis.png,sn_jwst_only_0088_euclid_nisp.png
89,135514,150.179666,2.107821,20.41,101542817,sn_jwst_only_0089_euclid_vis.png,sn_jwst_only_0089_euclid_nisp.png
90,135921,150.268221,2.076242,20.93,101542818,sn_jwst_only_0090_euclid_vis.png,sn_jwst_only_0090_euclid_nisp.png
91,137269,150.182129,2.112961,20.91,101542817,sn_jwst_only_0091_euclid_vis.png,sn_jwst_only_0091_euclid_nisp.png
92,137273,150.184048,2.116540,19.20,101542817,sn_jwst_only_0092_euclid_vis.png,sn_jwst_only_0092_euclid_nisp.png
93,139345,150.203598,2.124671,20.60,101542817,sn_jwst_only_0093_euclid_vis.png,sn_jwst_only_0093_euclid_nisp.png
94,142008,150.323508,2.100413,20.42,101542818,sn_jwst_only_0094_euclid_vis.png,sn_jwst_only_0094_euclid_nisp.png
95,157183,150.348908,1.927358,18.48,101542818,sn_jwst_only_0095_euclid_vis.png,sn_jwst_only_0095_euclid_nisp.png
96,157585,150.311626,1.942327,21.96,101542818,sn_jwst_only_0096_euclid_vis.png,sn_jwst_only_0096_euclid_nisp.png
97,160236,150.349662,1.948305,21.73,101542818,sn_jwst_only_0097_euclid_vis.png,sn_jwst_only_0097_euclid_nisp.png
98,163584,150.357060,1.973211,20.55,101542818,sn_jwst_only_0098_euclid_vis.png,sn_jwst_only_0098_euclid_nisp.png
99,165783,150.360793,1.984707,22.87,101542818,sn_jwst_only_0099_euclid_vis.png,sn_jwst_only_0099_euclid_nisp.png
100,166635,150.320673,2.011372,21.21,101542818,sn_jwst_only_0100_euclid_vis.png,sn_jwst_only_0100_euclid_nisp.png
101,167347,150.370110,1.999966,20.82,101542818,sn_jwst_only_0101_euclid_vis.png,sn_jwst_only_0101_euclid_nisp.png
102,167348,150.369974,2.000433,20.80,101542818,sn_jwst_only_0102_euclid_vis.png,sn_jwst_only_0102_euclid_nisp.png
103,170786,150.359201,2.037520,20.31,101542818,sn_jwst_only_0103_euclid_vis.png,sn_jwst_only_0103_euclid_nisp.png
104,174724,150.341695,2.074867,18.46,101542818,sn_jwst_only_0104_euclid_vis.png,sn_jwst_only_0104_euclid_nisp.png
105,175220,150.389548,2.061363,19.60,101542818,sn_jwst_only_0105_euclid_vis.png,sn_jwst_only_0105_euclid_nisp.png
106,175713,150.396034,2.063681,20.19,101542818,sn_jwst_only_0106_euclid_vis.png,sn_jwst_only_0106_euclid_nisp.png
107,175715,150.396960,2.064137,20.94,101542818,sn_jwst_only_0107_euclid_vis.png,sn_jwst_only_0107_euclid_nisp.png
108,176366,150.329646,2.094596,19.37,101542818,sn_jwst_only_0108_euclid_vis.png,sn_jwst_only_0108_euclid_nisp.png
109,195512,149.800125,1.967048,20.73,101542816,sn_jwst_only_0109_euclid_vis.png,sn_jwst_only_0109_euclid_nisp.png
110,196977,149.801503,1.978167,19.88,101542816,sn_jwst_only_0110_euclid_vis.png,sn_jwst_only_0110_euclid_nisp.png
111,203833,149.751394,2.044732,19.98,101542816,sn_jwst_only_0111_euclid_vis.png,sn_jwst_only_0111_euclid_nisp.png
112,205473,149.776093,2.047677,22.00,101542816,sn_jwst_only_0112_euclid_vis.png,sn_jwst_only_0112_euclid_nisp.png
113,234989,149.830908,1.944130,19.64,101542816,sn_jwst_only_0113_euclid_vis.png,sn_jwst_only_0113_euclid_nisp.png
114,236292,149.901103,1.927848,21.11,101542816,sn_jwst_only_0114_euclid_vis.png,sn_jwst_only_0114_euclid_nisp.png
115,237340,149.834801,1.960175,20.19,101542816,sn_jwst_only_0115_euclid_vis.png,sn_jwst_only_0115_euclid_nisp.png
116,238579,149.865340,1.957760,21.80,101542816,sn_jwst_only_0116_euclid_vis.png,sn_jwst_only_0116_euclid_nisp.png
117,239413,149.895534,1.950892,21.10,101542816,sn_jwst_only_0117_euclid_vis.png,sn_jwst_only_0117_euclid_nisp.png
118,246533,149.897377,2.000811,19.46,101542816,sn_jwst_only_0118_euclid_vis.png,sn_jwst_only_0118_euclid_nisp.png
119,249645,149.864359,2.035590,18.67,101542816,sn_jwst_only_0119_euclid_vis.png,sn_jwst_only_0119_euclid_nisp.png
120,251425,149.867403,2.047126,19.03,101542816,sn_jwst_only_0120_euclid_vis.png,sn_jwst_only_0120_euclid_nisp.png
121,251681,149.878494,2.031969,19.92,101542816,sn_jwst_only_0121_euclid_vis.png,sn_jwst_only_0121_euclid_nisp.png
122,252120,149.888383,2.044082,18.92,101542816,sn_jwst_only_0122_euclid_vis.png,sn_jwst_only_0122_euclid_nisp.png
123,253237,149.970172,2.020650,20.90,101542817,sn_jwst_only_0123_euclid_vis.png,sn_jwst_only_0123_euclid_nisp.png
124,254183,149.959994,2.032411,21.18,101542816,sn_jwst_only_0124_euclid_vis.png,sn_jwst_only_0124_euclid_nisp.png
125,256578,149.913076,2.064707,22.22,101542816,sn_jwst_only_0125_euclid_vis.png,sn_jwst_only_0125_euclid_nisp.png
126,257173,149.877296,2.082577,20.01,101542816,sn_jwst_only_0126_euclid_vis.png,sn_jwst_only_0126_euclid_nisp.png
127,275440,149.966946,1.893366,18.42,101542817,sn_jwst_only_0127_euclid_vis.png,sn_jwst_only_0127_euclid_nisp.png
128,275519,150.017572,1.874561,20.04,101541377,sn_jwst_only_0128_euclid_vis.png,sn_jwst_only_0128_euclid_nisp.png
129,277084,150.020541,1.885750,20.45,101541377,sn_jwst_only_0129_euclid_vis.png,sn_jwst_only_0129_euclid_nisp.png
130,288855,149.989541,1.986919,21.90,101542817,sn_jwst_only_0130_euclid_vis.png,sn_jwst_only_0130_euclid_nisp.png
131,291440,150.094278,1.970539,19.62,101542817,sn_jwst_only_0131_euclid_vis.png,sn_jwst_only_0131_euclid_nisp.png
132,291539,150.039965,1.991617,20.60,101542817,sn_jwst_only_0132_euclid_vis.png,sn_jwst_only_0132_euclid_nisp.png
133,292616,150.053260,1.994833,20.92,101542817,sn_jwst_only_0133_euclid_vis.png,sn_jwst_only_0133_euclid_nisp.png
134,292884,150.036217,2.002925,19.59,101542817,sn_jwst_only_0134_euclid_vis.png,sn_jwst_only_0134_euclid_nisp.png
135,293308,150.004011,2.017756,21.17,101542817,sn_jwst_only_0135_euclid_vis.png,sn_jwst_only_0135_euclid_nisp.png
136,293613,150.098491,1.985768,20.82,101542817,sn_jwst_only_0136_euclid_vis.png,sn_jwst_only_0136_euclid_nisp.png
137,293645,150.083191,1.989418,19.27,101542817,sn_jwst_only_0137_euclid_vis.png,sn_jwst_only_0137_euclid_nisp.png
138,293987,150.087817,1.992291,20.26,101542817,sn_jwst_only_0138_euclid_vis.png,sn_jwst_only_0138_euclid_nisp.png
139,317281,150.132920,1.845882,20.57,101541377,sn_jwst_only_0139_euclid_vis.png,sn_jwst_only_0139_euclid_nisp.png
140,317742,150.158100,1.839017,20.74,101541377,sn_jwst_only_0140_euclid_vis.png,sn_jwst_only_0140_euclid_nisp.png
141,317744,150.160236,1.835707,20.50,101541377,sn_jwst_only_0141_euclid_vis.png,sn_jwst_only_0141_euclid_nisp.png
142,321569,150.152057,1.872348,20.32,101541377,sn_jwst_only_0142_euclid_vis.png,sn_jwst_only_0142_euclid_nisp.png
143,322556,150.119727,1.893739,20.07,101542817,sn_jwst_only_0143_euclid_vis.png,sn_jwst_only_0143_euclid_nisp.png
144,323410,150.126269,1.898419,20.75,101542817,sn_jwst_only_0144_euclid_vis.png,sn_jwst_only_0144_euclid_nisp.png
145,323412,150.126558,1.898264,21.31,101542817,sn_jwst_only_0145_euclid_vis.png,sn_jwst_only_0145_euclid_nisp.png
146,325322,150.137849,1.911276,22.29,101542817,sn_jwst_only_0146_euclid_vis.png,sn_jwst_only_0146_euclid_nisp.png
147,325490,150.198542,1.890583,20.67,101541378,sn_jwst_only_0147_euclid_vis.png,sn_jwst_only_0147_euclid_nisp.png
148,329084,150.171520,1.926338,19.06,101542817,sn_jwst_only_0148_euclid_vis.png,sn_jwst_only_0148_euclid_nisp.png
149,329356,150.138918,1.940621,19.93,101542817,sn_jwst_only_0149_euclid_vis.png,sn_jwst_only_0149_euclid_nisp.png
150,332935,150.151305,1.965886,23.14,101542817,sn_jwst_only_0150_euclid_vis.png,sn_jwst_only_0150_euclid_nisp.png
151,333046,150.228054,1.938872,23.47,101542818,sn_jwst_only_0151_euclid_vis.png,sn_jwst_only_0151_euclid_nisp.png
152,333048,150.228890,1.938617,21.17,101542818,sn_jwst_only_0152_euclid_vis.png,sn_jwst_only_0152_euclid_nisp.png
153,334255,150.232883,1.942772,20.63,101542818,sn_jwst_only_0153_euclid_vis.png,sn_jwst_only_0153_euclid_nisp.png
154,334339,150.231058,1.924256,19.57,101542818,sn_jwst_only_0154_euclid_vis.png,sn_jwst_only_0154_euclid_nisp.png
155,335879,150.227056,1.962407,21.67,101542818,sn_jwst_only_0155_euclid_vis.png,sn_jwst_only_0155_euclid_nisp.png
156,336823,150.171723,1.990369,20.48,101542817,sn_jwst_only_0156_euclid_vis.png,sn_jwst_only_0156_euclid_nisp.png
157,355355,150.277295,1.795981,20.19,101541378,sn_jwst_only_0157_euclid_vis.png,sn_jwst_only_0157_euclid_nisp.png
158,355430,150.258580,1.802747,22.01,101541378,sn_jwst_only_0158_euclid_vis.png,sn_jwst_only_0158_euclid_nisp.png
159,355552,150.243237,1.810013,21.33,101541378,sn_jwst_only_0159_euclid_vis.png,sn_jwst_only_0159_euclid_nisp.png
160,360721,150.273048,1.840258,18.54,101541378,sn_jwst_only_0160_euclid_vis.png,sn_jwst_only_0160_euclid_nisp.png
161,369347,150.281388,1.911407,20.18,101542818,sn_jwst_only_0161_euclid_vis.png,sn_jwst_only_0161_euclid_nisp.png
162,372250,150.335809,1.915481,22.96,101542818,sn_jwst_only_0162_euclid_vis.png,sn_jwst_only_0162_euclid_nisp.png
163,372501,150.327339,1.920569,21.09,101542818,sn_jwst_only_0163_euclid_vis.png,sn_jwst_only_0163_euclid_nisp.png
164,373550,150.302351,1.939524,21.12,101542818,sn_jwst_only_0164_euclid_vis.png,sn_jwst_only_0164_euclid_nisp.png
165,386203,149.926269,2.499143,22.98,101545696,sn_jwst_only_0165_euclid_vis.png,sn_jwst_only_0165_euclid_nisp.png
166,386421,149.938440,2.496948,21.72,101545696,sn_jwst_only_0166_euclid_vis.png,sn_jwst_only_0166_euclid_nisp.png
167,389118,149.915330,2.521990,21.04,101545696,sn_jwst_only_0167_euclid_vis.png,sn_jwst_only_0167_euclid_nisp.png
168,389550,149.943438,2.514596,21.08,101545696,sn_jwst_only_0168_euclid_vis.png,sn_jwst_only_0168_euclid_nisp.png
169,390224,149.994106,2.501763,19.32,101545696,sn_jwst_only_0169_euclid_vis.png,sn_jwst_only_0169_euclid_nisp.png
170,391524,149.930151,2.532943,20.51,101545696,sn_jwst_only_0170_euclid_vis.png,sn_jwst_only_0170_euclid_nisp.png
171,392500,149.929960,2.540390,18.93,101545696,sn_jwst_only_0171_euclid_vis.png,sn_jwst_only_0171_euclid_nisp.png
172,394470,149.918472,2.558088,19.74,101545696,sn_jwst_only_0172_euclid_vis.png,sn_jwst_only_0172_euclid_nisp.png
173,395083,149.959952,2.547138,22.48,101545696,sn_jwst_only_0173_euclid_vis.png,sn_jwst_only_0173_euclid_nisp.png
174,397922,149.966246,2.566290,20.73,101545696,sn_jwst_only_0174_euclid_vis.png,sn_jwst_only_0174_euclid_nisp.png
175,399901,149.975531,2.578774,19.96,101545696,sn_jwst_only_0175_euclid_vis.png,sn_jwst_only_0175_euclid_nisp.png
176,400081,149.992888,2.574096,21.77,101545696,sn_jwst_only_0176_euclid_vis.png,sn_jwst_only_0176_euclid_nisp.png
177,401995,149.938453,2.606951,22.41,101545696,sn_jwst_only_0177_euclid_vis.png,sn_jwst_only_0177_euclid_nisp.png
178,404146,150.026257,2.591297,18.91,101545697,sn_jwst_only_0178_euclid_vis.png,sn_jwst_only_0178_euclid_nisp.png
179,404349,149.946945,2.619686,20.33,101545696,sn_jwst_only_0179_euclid_vis.png,sn_jwst_only_0179_euclid_nisp.png
180,404350,149.948792,2.619279,19.36,101545696,sn_jwst_only_0180_euclid_vis.png,sn_jwst_only_0180_euclid_nisp.png
181,423868,150.106975,2.429147,20.62,101545697,sn_jwst_only_0181_euclid_vis.png,sn_jwst_only_0181_euclid_nisp.png
182,424094,150.055806,2.449603,21.19,101545697,sn_jwst_only_0182_euclid_vis.png,sn_jwst_only_0182_euclid_nisp.png
183,424193,150.073225,2.444165,19.39,101545697,sn_jwst_only_0183_euclid_vis.png,sn_jwst_only_0183_euclid_nisp.png
184,424778,149.998030,2.475632,21.19,101545696,sn_jwst_only_0184_euclid_vis.png,sn_jwst_only_0184_euclid_nisp.png
185,425096,150.105508,2.439000,20.08,101545697,sn_jwst_only_0185_euclid_vis.png,sn_jwst_only_0185_euclid_nisp.png
186,425110,150.035857,2.464603,22.27,101545697,sn_jwst_only_0186_euclid_vis.png,sn_jwst_only_0186_euclid_nisp.png
187,427431,150.100179,2.457386,20.89,101545697,sn_jwst_only_0187_euclid_vis.png,sn_jwst_only_0187_euclid_nisp.png
188,427433,150.100930,2.456697,21.10,101545697,sn_jwst_only_0188_euclid_vis.png,sn_jwst_only_0188_euclid_nisp.png
189,429673,150.123107,2.467733,21.44,101545697,sn_jwst_only_0189_euclid_vis.png,sn_jwst_only_0189_euclid_nisp.png
190,434327,150.029981,2.535658,19.87,101545697,sn_jwst_only_0190_euclid_vis.png,sn_jwst_only_0190_euclid_nisp.png
191,434341,150.030630,2.535728,21.19,101545697,sn_jwst_only_0191_euclid_vis.png,sn_jwst_only_0191_euclid_nisp.png
192,435831,150.059453,2.536150,21.73,101545697,sn_jwst_only_0192_euclid_vis.png,sn_jwst_only_0192_euclid_nisp.png
193,437873,150.031981,2.560814,19.58,101545697,sn_jwst_only_0193_euclid_vis.png,sn_jwst_only_0193_euclid_nisp.png
194,437875,150.030356,2.559343,20.20,101545697,sn_jwst_only_0194_euclid_vis.png,sn_jwst_only_0194_euclid_nisp.png
195,440011,150.166571,2.524043,20.63,101545697,sn_jwst_only_0195_euclid_vis.png,sn_jwst_only_0195_euclid_nisp.png
196,441585,150.063202,2.574269,23.33,101545697,sn_jwst_only_0196_euclid_vis.png,sn_jwst_only_0196_euclid_nisp.png
197,441744,150.114990,2.556822,20.35,101545697,sn_jwst_only_0197_euclid_vis.png,sn_jwst_only_0197_euclid_nisp.png
198,443249,150.083028,2.577178,21.12,101545697,sn_jwst_only_0198_euclid_vis.png,sn_jwst_only_0198_euclid_nisp.png
199,443279,150.054235,2.588833,18.16,101545697,sn_jwst_only_0199_euclid_vis.png,sn_jwst_only_0199_euclid_nisp.png
200,443884,150.167834,2.553716,21.14,101545697,sn_jwst_only_0200_euclid_vis.png,sn_jwst_only_0200_euclid_nisp.png
201,443980,150.131126,2.567535,22.04,101545697,sn_jwst_only_0201_euclid_vis.png,sn_jwst_only_0201_euclid_nisp.png
202,444683,150.138752,2.569960,21.05,101545697,sn_jwst_only_0202_euclid_vis.png,sn_jwst_only_0202_euclid_nisp.png
203,464966,150.220797,2.401221,19.89,101545697,sn_jwst_only_0203_euclid_vis.png,sn_jwst_only_0203_euclid_nisp.png
204,467083,150.146967,2.442634,19.71,101545697,sn_jwst_only_0204_euclid_vis.png,sn_jwst_only_0204_euclid_nisp.png
205,467930,150.149647,2.447727,23.24,101545697,sn_jwst_only_0205_euclid_vis.png,sn_jwst_only_0205_euclid_nisp.png
206,468187,150.200989,2.431910,19.09,101545697,sn_jwst_only_0206_euclid_vis.png,sn_jwst_only_0206_euclid_nisp.png
207,468972,150.202070,2.437751,20.79,101545697,sn_jwst_only_0207_euclid_vis.png,sn_jwst_only_0207_euclid_nisp.png
208,469108,150.259022,2.417847,20.29,101545698,sn_jwst_only_0208_euclid_vis.png,sn_jwst_only_0208_euclid_nisp.png
209,469817,150.270684,2.416911,18.01,101545698,sn_jwst_only_0209_euclid_vis.png,sn_jwst_only_0209_euclid_nisp.png
210,470402,150.274963,2.420260,17.44,101545698,sn_jwst_only_0210_euclid_vis.png,sn_jwst_only_0210_euclid_nisp.png
211,470653,150.262479,2.428569,22.42,101545698,sn_jwst_only_0211_euclid_vis.png,sn_jwst_only_0211_euclid_nisp.png
212,472455,150.169630,2.473517,20.44,101545697,sn_jwst_only_0212_euclid_vis.png,sn_jwst_only_0212_euclid_nisp.png
213,474707,150.214165,2.475006,22.29,101545697,sn_jwst_only_0213_euclid_vis.png,sn_jwst_only_0213_euclid_nisp.png
214,475080,150.184663,2.488616,21.19,101545697,sn_jwst_only_0214_euclid_vis.png,sn_jwst_only_0214_euclid_nisp.png
215,475222,150.289163,2.451773,20.33,101545698,sn_jwst_only_0215_euclid_vis.png,sn_jwst_only_0215_euclid_nisp.png
216,475370,150.219578,2.477979,18.69,101545697,sn_jwst_only_0216_euclid_vis.png,sn_jwst_only_0216_euclid_nisp.png
217,475475,150.263918,2.456218,20.13,101545698,sn_jwst_only_0217_euclid_vis.png,sn_jwst_only_0217_euclid_nisp.png
218,476066,150.233648,2.476079,18.07,101545697,sn_jwst_only_0218_euclid_vis.png,sn_jwst_only_0218_euclid_nisp.png
219,476177,150.199714,2.490582,21.11,101545697,sn_jwst_only_0219_euclid_vis.png,sn_jwst_only_0219_euclid_nisp.png
220,477702,150.266349,2.478473,21.03,101545698,sn_jwst_only_0220_euclid_vis.png,sn_jwst_only_0220_euclid_nisp.png
221,477703,150.265164,2.478708,20.20,101545698,sn_jwst_only_0221_euclid_vis.png,sn_jwst_only_0221_euclid_nisp.png
222,479581,150.289077,2.473047,19.64,101545698,sn_jwst_only_0222_euclid_vis.png,sn_jwst_only_0222_euclid_nisp.png
223,479583,150.275591,2.476679,20.66,101545698,sn_jwst_only_0223_euclid_vis.png,sn_jwst_only_0223_euclid_nisp.png
224,482016,150.247954,2.512770,20.40,101545697,sn_jwst_only_0224_euclid_vis.png,sn_jwst_only_0224_euclid_nisp.png
225,482987,150.274283,2.511370,19.53,101545698,sn_jwst_only_0225_euclid_vis.png,sn_jwst_only_0225_euclid_nisp.png
226,483067,150.201594,2.539156,20.86,101545697,sn_jwst_only_0226_euclid_vis.png,sn_jwst_only_0226_euclid_nisp.png
227,483329,150.219051,2.534634,20.46,101545697,sn_jwst_only_0227_euclid_vis.png,sn_jwst_only_0227_euclid_nisp.png
228,483455,150.271675,2.516577,20.47,101545698,sn_jwst_only_0228_euclid_vis.png,sn_jwst_only_0228_euclid_nisp.png
229,485138,150.201489,2.552660,21.43,101545697,sn_jwst_only_0229_euclid_vis.png,sn_jwst_only_0229_euclid_nisp.png
230,506810,150.391733,2.361026,19.66,101544258,sn_jwst_only_0230_euclid_vis.png,sn_jwst_only_0230_euclid_nisp.png
231,507577,150.333067,2.387485,21.90,101544258,sn_jwst_only_0231_euclid_vis.png,sn_jwst_only_0231_euclid_nisp.png
232,508546,150.357997,2.384006,21.56,101544258,sn_jwst_only_0232_euclid_vis.png,sn_jwst_only_0232_euclid_nisp.png
233,508654,150.355135,2.384097,20.90,101544258,sn_jwst_only_0233_euclid_vis.png,sn_jwst_only_0233_euclid_nisp.png
234,508766,150.388083,2.375149,18.99,101544258,sn_jwst_only_0234_euclid_vis.png,sn_jwst_only_0234_euclid_nisp.png
235,509329,150.307872,2.408294,19.87,101545698,sn_jwst_only_0235_euclid_vis.png,sn_jwst_only_0235_euclid_nisp.png
236,513041,150.407906,2.394998,21.57,101545698,sn_jwst_only_0236_euclid_vis.png,sn_jwst_only_0236_euclid_nisp.png
237,513438,150.384986,2.406304,21.20,101545698,sn_jwst_only_0237_euclid_vis.png,sn_jwst_only_0237_euclid_nisp.png
238,514026,150.371867,2.415650,21.87,101545698,sn_jwst_only_0238_euclid_vis.png,sn_jwst_only_0238_euclid_nisp.png
239,514264,150.377722,2.412237,17.25,101545698,sn_jwst_only_0239_euclid_vis.png,sn_jwst_only_0239_euclid_nisp.png
240,514265,150.376994,2.411441,17.94,101545698,sn_jwst_only_0240_euclid_vis.png,sn_jwst_only_0240_euclid_nisp.png
241,516698,150.319211,2.453285,21.13,101545698,sn_jwst_only_0241_euclid_vis.png,sn_jwst_only_0241_euclid_nisp.png
242,517870,150.376310,2.440593,20.56,101545698,sn_jwst_only_0242_euclid_vis.png,sn_jwst_only_0242_euclid_nisp.png
243,519096,150.412437,2.435500,17.94,101545698,sn_jwst_only_0243_euclid_vis.png,sn_jwst_only_0243_euclid_nisp.png
244,519549,150.421718,2.436194,21.92,101545698,sn_jwst_only_0244_euclid_vis.png,sn_jwst_only_0244_euclid_nisp.png
245,520090,150.433831,2.434317,21.87,101545698,sn_jwst_only_0245_euclid_vis.png,sn_jwst_only_0245_euclid_nisp.png
246,520711,150.373765,2.459979,20.39,101545698,sn_jwst_only_0246_euclid_vis.png,sn_jwst_only_0246_euclid_nisp.png
247,520712,150.373726,2.460324,21.04,101545698,sn_jwst_only_0247_euclid_vis.png,sn_jwst_only_0247_euclid_nisp.png
248,521051,150.317093,2.483491,21.47,101545698,sn_jwst_only_0248_euclid_vis.png,sn_jwst_only_0248_euclid_nisp.png
249,522211,150.390096,2.464624,19.48,101545698,sn_jwst_only_0249_euclid_vis.png,sn_jwst_only_0249_euclid_nisp.png
250,522624,150.328963,2.490314,19.58,101545698,sn_jwst_only_0250_euclid_vis.png,sn_jwst_only_0250_euclid_nisp.png
251,542598,150.430096,2.308753,20.49,101544258,sn_jwst_only_0251_euclid_vis.png,sn_jwst_only_0251_euclid_nisp.png
252,542779,150.433368,2.308713,23.13,101544258,sn_jwst_only_0252_euclid_vis.png,sn_jwst_only_0252_euclid_nisp.png
253,551057,150.448875,2.366928,21.48,101544258,sn_jwst_only_0253_euclid_vis.png,sn_jwst_only_0253_euclid_nisp.png
254,551547,150.489556,2.357523,22.08,101544259,sn_jwst_only_0254_euclid_vis.png,sn_jwst_only_0254_euclid_nisp.png
255,552573,150.453078,2.379651,23.48,101544258,sn_jwst_only_0255_euclid_vis.png,sn_jwst_only_0255_euclid_nisp.png
256,552927,150.430584,2.391519,20.85,101544258,sn_jwst_only_0256_euclid_vis.png,sn_jwst_only_0256_euclid_nisp.png
257,557987,150.464821,2.417938,20.35,101545698,sn_jwst_only_0257_euclid_vis.png,sn_jwst_only_0257_euclid_nisp.png
258,560182,150.452800,2.442435,21.89,101545698,sn_jwst_only_0258_euclid_vis.png,sn_jwst_only_0258_euclid_nisp.png
259,560221,150.509321,2.421811,21.20,101545699,sn_jwst_only_0259_euclid_vis.png,sn_jwst_only_0259_euclid_nisp.png
260,560390,150.465308,2.439577,22.01,101545698,sn_jwst_only_0260_euclid_vis.png,sn_jwst_only_0260_euclid_nisp.png
261,575942,149.833675,2.308876,20.73,101544256,sn_jwst_only_0261_euclid_vis.png,sn_jwst_only_0261_euclid_nisp.png
262,578159,149.881114,2.308349,18.62,101544256,sn_jwst_only_0262_euclid_vis.png,sn_jwst_only_0262_euclid_nisp.png
263,581454,149.854634,2.338290,18.63,101544256,sn_jwst_only_0263_euclid_vis.png,sn_jwst_only_0263_euclid_nisp.png
264,582211,149.881603,2.318183,21.50,101544256,sn_jwst_only_0264_euclid_vis.png,sn_jwst_only_0264_euclid_nisp.png
265,584619,149.923679,2.333129,20.04,101544256,sn_jwst_only_0265_euclid_vis.png,sn_jwst_only_0265_euclid_nisp.png
266,584782,149.935877,2.329681,20.55,101544256,sn_jwst_only_0266_euclid_vis.png,sn_jwst_only_0266_euclid_nisp.png
267,588849,149.860727,2.381060,20.40,101544256,sn_jwst_only_0267_euclid_vis.png,sn_jwst_only_0267_euclid_nisp.png
268,591162,149.862111,2.395394,19.83,101545696,sn_jwst_only_0268_euclid_vis.png,sn_jwst_only_0268_euclid_nisp.png
269,591163,149.862025,2.395443,19.64,101545696,sn_jwst_only_0269_euclid_vis.png,sn_jwst_only_0269_euclid_nisp.png
270,594585,149.953318,2.386520,20.56,101544256,sn_jwst_only_0270_euclid_vis.png,sn_jwst_only_0270_euclid_nisp.png
271,596243,149.904495,2.413176,20.42,101545696,sn_jwst_only_0271_euclid_vis.png,sn_jwst_only_0271_euclid_nisp.png
272,596246,149.906836,2.414311,19.36,101545696,sn_jwst_only_0272_euclid_vis.png,sn_jwst_only_0272_euclid_nisp.png
273,596643,149.929224,2.408286,23.06,101545696,sn_jwst_only_0273_euclid_vis.png,sn_jwst_only_0273_euclid_nisp.png
274,598498,149.869827,2.442868,21.61,101545696,sn_jwst_only_0274_euclid_vis.png,sn_jwst_only_0274_euclid_nisp.png
275,599321,149.874191,2.449059,23.39,101545696,sn_jwst_only_0275_euclid_vis.png,sn_jwst_only_0275_euclid_nisp.png
276,600175,149.882968,2.449382,19.04,101545696,sn_jwst_only_0276_euclid_vis.png,sn_jwst_only_0276_euclid_nisp.png
277,600769,149.905548,2.446820,22.37,101545696,sn_jwst_only_0277_euclid_vis.png,sn_jwst_only_0277_euclid_nisp.png
278,601599,149.969796,2.430501,19.49,101545696,sn_jwst_only_0278_euclid_vis.png,sn_jwst_only_0278_euclid_nisp.png
279,602426,149.886750,2.464786,22.46,101545696,sn_jwst_only_0279_euclid_vis.png,sn_jwst_only_0279_euclid_nisp.png
280,619435,150.049796,2.230938,22.25,101544257,sn_jwst_only_0280_euclid_vis.png,sn_jwst_only_0280_euclid_nisp.png
281,619808,149.940524,2.272812,20.04,101544256,sn_jwst_only_0281_euclid_vis.png,sn_jwst_only_0281_euclid_nisp.png
282,620113,149.998396,2.255132,19.30,101544257,sn_jwst_only_0282_euclid_vis.png,sn_jwst_only_0282_euclid_nisp.png
283,622034,149.987206,2.273639,21.34,101544257,sn_jwst_only_0283_euclid_vis.png,sn_jwst_only_0283_euclid_nisp.png
284,624216,150.044851,2.266867,21.06,101544257,sn_jwst_only_0284_euclid_vis.png,sn_jwst_only_0284_euclid_nisp.png
285,625507,149.964825,2.303294,22.49,101544256,sn_jwst_only_0285_euclid_vis.png,sn_jwst_only_0285_euclid_nisp.png
286,625524,150.065739,2.267253,20.28,101544257,sn_jwst_only_0286_euclid_vis.png,sn_jwst_only_0286_euclid_nisp.png
287,628953,150.049901,2.293846,20.77,101544257,sn_jwst_only_0287_euclid_vis.png,sn_jwst_only_0287_euclid_nisp.png
288,631100,149.969891,2.335112,20.71,101544256,sn_jwst_only_0288_euclid_vis.png,sn_jwst_only_0288_euclid_nisp.png
289,632112,149.980345,2.335960,20.15,101544256,sn_jwst_only_0289_euclid_vis.png,sn_jwst_only_0289_euclid_nisp.png
290,636147,150.052378,2.336893,22.19,101544257,sn_jwst_only_0290_euclid_vis.png,sn_jwst_only_0290_euclid_nisp.png
291,636429,150.055295,2.338749,18.06,101544257,sn_jwst_only_0291_euclid_vis.png,sn_jwst_only_0291_euclid_nisp.png
292,638592,150.017549,2.366825,22.33,101544257,sn_jwst_only_0292_euclid_vis.png,sn_jwst_only_0292_euclid_nisp.png
293,640584,150.096549,2.350864,18.45,101544257,sn_jwst_only_0293_euclid_vis.png,sn_jwst_only_0293_euclid_nisp.png
294,640627,150.027588,2.374615,18.71,101544257,sn_jwst_only_0294_euclid_vis.png,sn_jwst_only_0294_euclid_nisp.png
295,641049,149.999050,2.389296,21.90,101544257,sn_jwst_only_0295_euclid_vis.png,sn_jwst_only_0295_euclid_nisp.png
296,641422,150.034643,2.379232,22.25,101544257,sn_jwst_only_0296_euclid_vis.png,sn_jwst_only_0296_euclid_nisp.png
297,643132,150.101062,2.357540,19.33,101544257,sn_jwst_only_0297_euclid_vis.png,sn_jwst_only_0297_euclid_nisp.png
298,645204,150.092986,2.385128,19.83,101544257,sn_jwst_only_0298_euclid_vis.png,sn_jwst_only_0298_euclid_nisp.png
299,645751,150.048229,2.405298,20.84,101545697,sn_jwst_only_0299_euclid_vis.png,sn_jwst_only_0299_euclid_nisp.png
300,646868,150.040185,2.415777,21.67,101545697,sn_jwst_only_0300_euclid_vis.png,sn_jwst_only_0300_euclid_nisp.png
301,647194,150.086392,2.401780,21.99,101545697,sn_jwst_only_0301_euclid_vis.png,sn_jwst_only_0301_euclid_nisp.png
302,647357,150.068488,2.409438,21.46,101545697,sn_jwst_only_0302_euclid_vis.png,sn_jwst_only_0302_euclid_nisp.png
303,647849,150.068615,2.412623,19.73,101545697,sn_jwst_only_0303_euclid_vis.png,sn_jwst_only_0303_euclid_nisp.png
304,648007,150.105781,2.397856,18.76,101545697,sn_jwst_only_0304_euclid_vis.png,sn_jwst_only_0304_euclid_nisp.png
305,648014,150.072365,2.411422,19.32,101545697,sn_jwst_only_0305_euclid_vis.png,sn_jwst_only_0305_euclid_nisp.png
306,648036,150.022401,2.425211,19.67,101545697,sn_jwst_only_0306_euclid_vis.png,sn_jwst_only_0306_euclid_nisp.png
307,648714,150.001993,2.443661,20.78,101545696,sn_jwst_only_0307_euclid_vis.png,sn_jwst_only_0307_euclid_nisp.png
308,649303,150.033427,2.436315,20.24,101545697,sn_jwst_only_0308_euclid_vis.png,sn_jwst_only_0308_euclid_nisp.png
309,649497,149.999718,2.450581,20.28,101545696,sn_jwst_only_0309_euclid_vis.png,sn_jwst_only_0309_euclid_nisp.png
310,650061,149.998784,2.455990,21.83,101545696,sn_jwst_only_0310_euclid_vis.png,sn_jwst_only_0310_euclid_nisp.png
311,650642,150.094820,2.425487,21.64,101545697,sn_jwst_only_0311_euclid_vis.png,sn_jwst_only_0311_euclid_nisp.png
312,665832,150.144815,2.219712,23.01,101544257,sn_jwst_only_0312_euclid_vis.png,sn_jwst_only_0312_euclid_nisp.png
313,666467,150.184009,2.207923,22.52,101544257,sn_jwst_only_0313_euclid_vis.png,sn_jwst_only_0313_euclid_nisp.png
314,666921,150.192706,2.208065,21.64,101544257,sn_jwst_only_0314_euclid_vis.png,sn_jwst_only_0314_euclid_nisp.png
315,667477,150.170461,2.218781,22.10,101544257,sn_jwst_only_0315_euclid_vis.png,sn_jwst_only_0315_euclid_nisp.png
316,674203,150.114657,2.285379,22.09,101544257,sn_jwst_only_0316_euclid_vis.png,sn_jwst_only_0316_euclid_nisp.png
317,675525,150.095564,2.299349,20.68,101544257,sn_jwst_only_0317_euclid_vis.png,sn_jwst_only_0317_euclid_nisp.png
318,675526,150.095614,2.297562,19.85,101544257,sn_jwst_only_0318_euclid_vis.png,sn_jwst_only_0318_euclid_nisp.png
319,675527,150.095991,2.299683,22.56,101544257,sn_jwst_only_0319_euclid_vis.png,sn_jwst_only_0319_euclid_nisp.png
320,676075,150.127625,2.293506,22.80,101544257,sn_jwst_only_0320_euclid_vis.png,sn_jwst_only_0320_euclid_nisp.png
321,676537,150.122765,2.298935,22.74,101544257,sn_jwst_only_0321_euclid_vis.png,sn_jwst_only_0321_euclid_nisp.png
322,680457,150.196298,2.299813,21.22,101544257,sn_jwst_only_0322_euclid_vis.png,sn_jwst_only_0322_euclid_nisp.png
323,684899,150.112368,2.354935,17.52,101544257,sn_jwst_only_0323_euclid_vis.png,sn_jwst_only_0323_euclid_nisp.png
324,684901,150.113003,2.359882,20.88,101544257,sn_jwst_only_0324_euclid_vis.png,sn_jwst_only_0324_euclid_nisp.png
325,686729,150.142588,2.364598,21.20,101544257,sn_jwst_only_0325_euclid_vis.png,sn_jwst_only_0325_euclid_nisp.png
326,690096,150.255040,2.343764,20.00,101544258,sn_jwst_only_0326_euclid_vis.png,sn_jwst_only_0326_euclid_nisp.png
327,690633,150.241619,2.352847,21.73,101544258,sn_jwst_only_0327_euclid_vis.png,sn_jwst_only_0327_euclid_nisp.png
328,691951,150.156129,2.394227,20.04,101545697,sn_jwst_only_0328_euclid_vis.png,sn_jwst_only_0328_euclid_nisp.png
329,692908,150.151076,2.403446,20.82,101545697,sn_jwst_only_0329_euclid_vis.png,sn_jwst_only_0329_euclid_nisp.png
330,708209,150.220894,2.182034,21.13,101544257,sn_jwst_only_0330_euclid_vis.png,sn_jwst_only_0330_euclid_nisp.png
331,708210,150.221309,2.182093,21.94,101544257,sn_jwst_only_0331_euclid_vis.png,sn_jwst_only_0331_euclid_nisp.png
332,711821,150.244104,2.199459,22.73,101544258,sn_jwst_only_0332_euclid_vis.png,sn_jwst_only_0332_euclid_nisp.png
333,711822,150.244287,2.199496,21.36,101544258,sn_jwst_only_0333_euclid_vis.png,sn_jwst_only_0333_euclid_nisp.png
334,712901,150.239937,2.206564,20.63,101544258,sn_jwst_only_0334_euclid_vis.png,sn_jwst_only_0334_euclid_nisp.png
335,712947,150.306563,2.171623,19.31,101544258,sn_jwst_only_0335_euclid_vis.png,sn_jwst_only_0335_euclid_nisp.png
336,715157,150.344455,2.187113,20.65,101544258,sn_jwst_only_0336_euclid_vis.png,sn_jwst_only_0336_euclid_nisp.png
337,720572,150.252183,2.256600,20.76,101544258,sn_jwst_only_0337_euclid_vis.png,sn_jwst_only_0337_euclid_nisp.png
338,723609,150.253275,2.277761,19.03,101544258,sn_jwst_only_0338_euclid_vis.png,sn_jwst_only_0338_euclid_nisp.png
339,724143,150.363768,2.233733,19.50,101544258,sn_jwst_only_0339_euclid_vis.png,sn_jwst_only_0339_euclid_nisp.png
340,726580,150.367661,2.252341,19.77,101544258,sn_jwst_only_0340_euclid_vis.png,sn_jwst_only_0340_euclid_nisp.png
341,729053,150.319710,2.286648,15.39,101544258,sn_jwst_only_0341_euclid_vis.png,sn_jwst_only_0341_euclid_nisp.png
342,731335,150.377779,2.285148,21.67,101544258,sn_jwst_only_0342_euclid_vis.png,sn_jwst_only_0342_euclid_nisp.png
343,731615,150.375854,2.285625,20.44,101544258,sn_jwst_only_0343_euclid_vis.png,sn_jwst_only_0343_euclid_nisp.png
344,732171,150.318543,2.311660,20.86,101544258,sn_jwst_only_0344_euclid_vis.png,sn_jwst_only_0344_euclid_nisp.png
345,732744,150.330949,2.310831,21.91,101544258,sn_jwst_only_0345_euclid_vis.png,sn_jwst_only_0345_euclid_nisp.png
346,734958,150.303650,2.333297,21.50,101544258,sn_jwst_only_0346_euclid_vis.png,sn_jwst_only_0346_euclid_nisp.png
347,751221,150.393055,2.119610,18.61,101542818,sn_jwst_only_0347_euclid_vis.png,sn_jwst_only_0347_euclid_nisp.png
348,756974,150.410001,2.159251,20.00,101544258,sn_jwst_only_0348_euclid_vis.png,sn_jwst_only_0348_euclid_nisp.png
349,765826,150.417629,2.226202,21.61,101544258,sn_jwst_only_0349_euclid_vis.png,sn_jwst_only_0349_euclid_nisp.png
350,767512,150.403890,2.247061,17.65,101544258,sn_jwst_only_0350_euclid_vis.png,sn_jwst_only_0350_euclid_nisp.png
351,771688,150.420233,2.277778,20.78,101544258,sn_jwst_only_0351_euclid_vis.png,sn_jwst_only_0351_euclid_nisp.png
352,771938,150.435497,2.274105,20.68,101544258,sn_jwst_only_0352_euclid_vis.png,sn_jwst_only_0352_euclid_nisp.png
353,773481,150.411037,2.293719,21.39,101544258,sn_jwst_only_0353_euclid_vis.png,sn_jwst_only_0353_euclid_nisp.png
354,773530,150.448689,2.279828,18.21,101544258,sn_jwst_only_0354_euclid_vis.png,sn_jwst_only_0354_euclid_nisp.png
