utc,mission,tile,stage,status,secs,n_rows,n_is_star,n_pool
2026-06-11T15:30:41Z,hst,A1,53,ok,269.7,11456,,
2026-06-11T15:30:43Z,hst,A1,67,ok,1.4,11456,79,
2026-06-11T15:30:45Z,hst,A10,53,ok,273.0,11440,,
2026-06-11T15:30:46Z,hst,A10,67,ok,1.2,11440,84,
2026-06-11T15:30:52Z,hst,A2,53,ok,280.3,11435,,
2026-06-11T15:30:53Z,hst,A2,67,ok,1.2,11435,97,
2026-06-11T15:31:18Z,hst,A1,66,ok,35.2,11456,,8863
2026-06-11T15:31:22Z,hst,A2,66,ok,29.0,11435,,8561
2026-06-11T15:31:38Z,hst,A10,66,ok,52.2,11440,,9687
2026-06-11T15:35:28Z,hst,A3,53,ok,250.4,10459,,
2026-06-11T15:35:30Z,hst,A3,67,ok,1.4,10459,92,
2026-06-11T15:35:50Z,hst,A5,53,ok,267.9,12147,,
2026-06-11T15:35:51Z,hst,A5,67,ok,1.2,12147,76,
2026-06-11T15:36:01Z,hst,A6,53,ok,263.0,10745,,
2026-06-11T15:36:02Z,hst,A6,67,ok,1.1,10745,80,
2026-06-11T15:36:09Z,hst,A3,66,ok,38.9,10459,,7682
2026-06-11T15:36:26Z,hst,A5,66,ok,34.4,12147,,10095
2026-06-11T15:36:38Z,hst,A6,66,ok,36.2,10745,,9249
2026-06-11T15:40:13Z,hst,A7,53,ok,244.3,12322,,
2026-06-11T15:40:14Z,hst,A7,67,ok,1.3,12322,67,
2026-06-11T15:40:44Z,hst,A9,53,ok,245.7,10775,,
2026-06-11T15:40:45Z,hst,A9,67,ok,1.1,10775,76,
2026-06-11T15:41:01Z,hst,A7,66,ok,47.3,12322,,10336
2026-06-11T15:41:03Z,hst,A8,53,ok,277.5,10110,,
2026-06-11T15:41:05Z,hst,A8,67,ok,1.4,10110,73,
2026-06-11T15:41:18Z,hst,A9,66,ok,32.7,10775,,9454
2026-06-11T15:41:31Z,hst,A8,66,ok,26.2,10110,,7582
2026-06-11T15:45:03Z,hst,B1,53,ok,241.2,12339,,
2026-06-11T15:45:04Z,hst,B1,67,ok,1.1,12339,91,
2026-06-11T15:45:37Z,hst,B1,66,ok,33.0,12339,,9872
2026-06-11T15:45:48Z,hst,B2,53,ok,257.3,11773,,
2026-06-11T15:45:49Z,hst,B2,67,ok,1.4,11773,80,
2026-06-11T15:46:09Z,hst,B10,53,ok,291.4,13067,,
2026-06-11T15:46:10Z,hst,B10,67,ok,1.2,13067,68,
2026-06-11T15:46:21Z,hst,B2,66,ok,31.0,11773,,9599
2026-06-11T15:46:45Z,hst,B10,66,ok,34.3,13067,,10233
2026-06-11T15:48:48Z,hst,B3,53,ok,190.9,12040,,
2026-06-11T15:48:49Z,hst,B3,67,ok,1.1,12040,89,
2026-06-11T15:49:18Z,hst,B3,66,ok,29.1,12040,,8725
2026-06-11T15:49:42Z,hst,B4,53,ok,201.7,12445,,
2026-06-11T15:49:44Z,hst,B4,67,ok,1.5,12445,79,
2026-06-11T15:50:19Z,hst,B5,53,ok,214.3,12341,,
2026-06-11T15:50:20Z,hst,B5,67,ok,0.9,12341,81,
2026-06-11T15:50:25Z,hst,B4,66,ok,41.0,12445,,10602
2026-06-11T15:51:06Z,hst,B5,66,ok,46.1,12341,,12296
2026-06-11T15:51:54Z,hst,B6,53,ok,155.8,12417,,
2026-06-11T15:51:55Z,hst,B6,67,ok,1.1,12417,76,
2026-06-11T15:52:29Z,hst,B6,66,ok,33.8,12417,,10271
2026-06-11T15:53:19Z,hst,B7,53,ok,174.3,11978,,
2026-06-11T15:53:20Z,hst,B7,67,ok,1.2,11978,78,
2026-06-11T15:53:47Z,hst,B8,53,ok,160.6,10779,,
2026-06-11T15:53:48Z,hst,B8,67,ok,1.0,10779,93,
2026-06-11T15:53:50Z,hst,B7,66,ok,30.0,11978,,9192
2026-06-11T15:54:15Z,hst,B8,66,ok,26.9,10779,,8495
2026-06-11T15:55:08Z,hst,B9,53,ok,159.5,11982,,
2026-06-11T15:55:09Z,hst,B9,67,ok,1.0,11982,79,
2026-06-11T15:55:46Z,hst,B9,66,ok,36.3,11982,,10157
2026-06-11T15:56:35Z,euclid,101538497,53,fail,49.1,,,
2026-06-11T15:56:43Z,euclid,101538498,53,fail,56.8,,,
2026-06-11T15:56:57Z,euclid,101538500,53,fail,21.7,,,
2026-06-11T15:57:04Z,euclid,101539933,53,fail,21.2,,,
2026-06-11T15:57:40Z,euclid,101538499,53,fail,113.7,,,
2026-06-11T15:58:00Z,euclid,101539934,53,fail,62.8,,,
2026-06-11T15:58:19Z,euclid,101539935,53,fail,74.7,,,
2026-06-11T15:59:43Z,euclid,101539936,53,fail,123.6,,,
2026-06-11T16:08:02Z,euclid,101539938,53,ok,583.5,47047,,
2026-06-11T16:08:04Z,euclid,101539938,67,ok,1.7,47047,337,
2026-06-11T16:08:25Z,euclid,101539939,53,ok,521.8,48899,,
2026-06-11T16:08:27Z,euclid,101539939,67,ok,1.6,48899,251,
2026-06-11T16:08:31Z,euclid,101539937,53,ok,631.4,47876,,
2026-06-11T16:08:33Z,euclid,101539937,67,ok,1.5,47876,1128,
2026-06-11T16:16:20Z,euclid,101539938,66,ok,496.0,47047,,34661
2026-06-11T16:17:01Z,euclid,101539940,53,fail,41.4,,,
2026-06-11T16:17:35Z,euclid,101541373,53,fail,33.9,,,
2026-06-11T16:23:41Z,euclid,101539937,66,ok,908.8,47876,,42799
2026-06-11T16:24:04Z,euclid,101539939,66,ok,937.0,48899,,34003
2026-06-11T16:24:38Z,euclid,101541377,53,fail,34.3,,,
2026-06-11T16:25:47Z,euclid,101541378,53,fail,68.7,,,
2026-06-11T16:28:14Z,euclid,101541374,53,ok,638.4,45188,,
2026-06-11T16:28:15Z,euclid,101541374,67,ok,1.7,45188,1360,
2026-06-11T16:33:21Z,euclid,101541376,53,ok,579.3,47349,,
2026-06-11T16:33:22Z,euclid,101541376,67,ok,1.6,47349,252,
2026-06-11T16:35:09Z,euclid,101541379,53,ok,562.0,44215,,
2026-06-11T16:35:10Z,euclid,101541379,67,ok,1.5,44215,231,
2026-06-11T16:42:00Z,euclid,101541376,66,ok,517.6,47349,,38015
2026-06-11T16:42:08Z,euclid,101541379,66,ok,418.0,44215,,30622
2026-06-11T16:42:43Z,euclid,101541380,53,fail,43.4,,,
2026-06-11T16:43:35Z,euclid,101542815,53,fail,52.1,,,
2026-06-11T16:44:38Z,euclid,101542814,53,fail,149.6,,,
2026-06-11T16:45:13Z,euclid,101542819,53,fail,35.3,,,
2026-06-11T16:45:18Z,euclid,101541374,66,ok,1022.1,45188,,41342
2026-06-11T16:45:53Z,euclid,101542816,53,fail,137.9,,,
2026-06-11T16:46:38Z,euclid,101542820,53,fail,84.5,,,
2026-06-11T16:46:50Z,euclid,101544255,53,fail,56.3,,,
2026-06-11T16:47:23Z,euclid,101544254,53,fail,125.2,,,
2026-06-11T16:57:01Z,euclid,101544256,53,ok,623.5,52967,,
2026-06-11T16:57:03Z,euclid,101544256,67,ok,1.7,52967,325,
2026-06-11T16:57:17Z,euclid,101544258,53,ok,594.7,52640,,
2026-06-11T16:57:19Z,euclid,101544258,67,ok,1.6,52640,284,
2026-06-11T16:58:38Z,euclid,101544257,53,ok,708.4,50354,,
2026-06-11T16:58:40Z,euclid,101544257,67,ok,1.5,50354,315,
2026-06-11T17:06:19Z,euclid,101544258,66,ok,540.3,52640,,35143
2026-06-11T17:07:06Z,euclid,101544259,53,fail,46.7,,,
2026-06-11T17:07:14Z,euclid,101544256,66,ok,611.0,52967,,37751
2026-06-11T17:08:31Z,euclid,101544257,66,ok,591.2,50354,,38636
2026-06-11T17:08:54Z,euclid,101545694,53,fail,99.9,,,
2026-06-11T17:09:04Z,euclid,101545695,53,fail,32.9,,,
2026-06-11T17:16:37Z,euclid,101544260,53,ok,570.6,46358,,
2026-06-11T17:16:38Z,euclid,101544260,67,ok,1.6,46358,326,
2026-06-11T17:19:38Z,euclid,101545696,53,ok,644.2,56009,,
2026-06-11T17:19:40Z,euclid,101545696,67,ok,1.7,56009,283,
2026-06-11T17:23:18Z,euclid,101545697,53,ok,853.9,46579,,
2026-06-11T17:23:19Z,euclid,101545697,67,ok,1.6,46579,335,
2026-06-11T17:32:02Z,euclid,101545697,66,ok,522.4,46579,,34463
2026-06-11T17:38:07Z,euclid,101544260,66,ok,1289.1,46358,,41542
2026-06-11T17:41:04Z,euclid,101545699,53,ok,176.8,9360,,
2026-06-11T17:41:06Z,euclid,101545699,67,ok,1.4,9360,145,
2026-06-11T17:43:52Z,euclid,101545699,66,ok,166.4,9360,,9336
2026-06-11T17:44:04Z,euclid,101545698,53,ok,722.1,49132,,
2026-06-11T17:44:05Z,euclid,101545698,67,ok,1.5,49132,317,
2026-06-11T17:51:54Z,euclid,101545698,66,ok,469.2,49132,,29716
2026-06-11T17:53:39Z,euclid,101545701,53,ok,104.7,1841,,
2026-06-11T17:53:40Z,euclid,101545701,67,ok,1.3,1841,21,
2026-06-11T17:53:57Z,euclid,101545700,53,ok,604.6,52160,,
2026-06-11T17:53:58Z,euclid,101545700,67,ok,1.4,52160,263,
2026-06-11T17:54:14Z,euclid,101545701,66,ok,33.2,1841,,1839
2026-06-11T17:56:28Z,euclid,101547133,53,ok,134.1,16099,,
2026-06-11T17:56:29Z,euclid,101547133,67,ok,1.1,16099,0,
2026-06-11T18:17:21Z,euclid,101545700,66,ok,1402.7,52160,,52111
2026-06-11T18:18:50Z,euclid,101547134,53,ok,89.6,875,,
2026-06-11T18:18:51Z,euclid,101547134,67,ok,1.0,875,1,
2026-06-11T18:46:47Z,euclid,101545696,66,ok,5226.5,56009,,48057
2026-06-11T18:58:57Z,euclid,101547135,53,ok,730.2,50291,,
2026-06-11T18:58:58Z,euclid,101547135,67,ok,1.6,50291,841,
2026-06-11T19:24:47Z,euclid,101547134,66,ok,3955.6,875,,869
2026-06-11T19:37:18Z,euclid,101547136,53,ok,750.7,47785,,
2026-06-11T19:37:19Z,euclid,101547136,67,ok,1.8,47785,640,
2026-06-11T19:48:53Z,euclid,101547135,66,ok,2995.0,50291,,41615
2026-06-11T19:58:57Z,euclid,101547137,53,ok,603.5,36508,,
2026-06-11T19:58:58Z,euclid,101547137,67,ok,1.5,36508,598,
2026-06-11T20:30:41Z,euclid,101547136,66,ok,3201.4,47785,,40714
2026-06-11T20:34:58Z,euclid,101547138,53,ok,257.2,17438,,
2026-06-11T20:35:00Z,euclid,101547138,67,ok,1.6,17438,169,
2026-06-11T21:32:43Z,euclid,101547137,66,ok,5624.5,36508,,34094
