targetid,status,dataset,spectype,survey,path
39089837550102288,not_in_dr1_or_edr,,GALAXY,special,
39089837550099872,not_in_dr1_or_edr,,GALAXY,special,
39089837550099864,not_in_dr1_or_edr,,STAR,special,
39089837420061736,not_in_dr1_or_edr,,QSO,special,
39089837545914656,not_in_dr1_or_edr,,STAR,special,
39089837394921664,not_in_dr1_or_edr,,STAR,special,
39627835555451272,saved,DESI-DR1,STAR,main,/Volumes/exdisk1/data/DESI/cosmos_star/DESI-39627835555451272.fits
39089837545914632,not_in_dr1_or_edr,,STAR,special,
39089837550081320,not_in_dr1_or_edr,,STAR,special,
39089837545914624,not_in_dr1_or_edr,,STAR,special,
39627835555451864,saved,DESI-DR1,GALAXY,sv1,/Volumes/exdisk1/data/DESI/cosmos_galaxy/DESI-39627835555451864.fits
39089837550101872,not_in_dr1_or_edr,,GALAXY,special,
39089837545914664,not_in_dr1_or_edr,,STAR,special,
39627841599438976,not_in_dr1_or_edr,,QSO,sv3,
39089837394899560,saved,DESI-DR1,GALAXY,special,/Volumes/exdisk1/data/DESI/cosmos_galaxy/DESI-39089837394899560.fits
39089837550091784,not_in_dr1_or_edr,,STAR,special,
39089837550089128,not_in_dr1_or_edr,,GALAXY,special,
234538995286018,saved,DESI-DR1,STAR,sv1,/Volumes/exdisk1/data/DESI/cosmos_star/DESI-234538995286018.fits
39089837545917096,not_in_dr1_or_edr,,STAR,special,
39089837420058224,not_in_dr1_or_edr,,QSO,special,
39627841599439424,not_in_dr1_or_edr,,QSO,main,
39089837550104608,not_in_dr1_or_edr,,STAR,special,
39089837550096912,not_in_dr1_or_edr,,GALAXY,special,
39089837424252760,not_in_dr1_or_edr,,STAR,special,
39089837550096904,not_in_dr1_or_edr,,STAR,special,
39089837394906392,not_in_dr1_or_edr,,GALAXY,special,
39089837550076776,not_in_dr1_or_edr,,GALAXY,special,
39089837550076768,not_in_dr1_or_edr,,GALAXY,special,
39089837550100792,not_in_dr1_or_edr,,QSO,special,
39089837545916896,not_in_dr1_or_edr,,STAR,special,
39089837550100784,not_in_dr1_or_edr,,GALAXY,special,
-833001030,not_in_dr1_or_edr,,GALAXY,special,
39089837394906408,not_in_dr1_or_edr,,STAR,special,
39089837550083552,not_in_dr1_or_edr,,GALAXY,special,
39089837545916872,not_in_dr1_or_edr,,STAR,special,
39089837550098320,not_in_dr1_or_edr,,GALAXY,special,
39089837545916880,not_in_dr1_or_edr,,STAR,special,
39089837394906448,saved,DESI-DR1,GALAXY,special,/Volumes/exdisk1/data/DESI/cosmos_galaxy/DESI-39089837394906448.fits
39627835559641824,not_in_dr1_or_edr,,STAR,sv1,
39089837394906496,saved,DESI-DR1,GALAXY,special,/Volumes/exdisk1/data/DESI/cosmos_galaxy/DESI-39089837394906496.fits
39089837545916904,not_in_dr1_or_edr,,STAR,special,
39627841599440360,not_in_dr1_or_edr,,STAR,special,
39089837394899712,not_in_dr1_or_edr,,GALAXY,special,
39089837545917112,not_in_dr1_or_edr,,STAR,special,
39089837550083776,not_in_dr1_or_edr,,GALAXY,special,
39627841599439568,saved,DESI-DR1,GALAXY,sv1,/Volumes/exdisk1/data/DESI/cosmos_galaxy/DESI-39627841599439568.fits
39089837550098728,not_in_dr1_or_edr,,STAR,special,
39089837550091792,not_in_dr1_or_edr,,STAR,special,
39089837390695368,not_in_dr1_or_edr,,QSO,special,
39089837545917128,not_in_dr1_or_edr,,STAR,special,
39089837550084400,not_in_dr1_or_edr,,STAR,special,
39089837545917104,not_in_dr1_or_edr,,STAR,special,
39627841599439592,not_in_dr1_or_edr,,GALAXY,sv1,
39089837545916920,not_in_dr1_or_edr,,STAR,special,
39089837550085368,not_in_dr1_or_edr,,GALAXY,special,
39089837550097056,not_in_dr1_or_edr,,GALAXY,special,
39089837545881760,not_in_dr1_or_edr,,QSO,special,
2781007929409538,not_in_dr1_or_edr,,STAR,main,
39627841599440192,not_in_dr1_or_edr,,STAR,sv3,
39089837550102744,not_in_dr1_or_edr,,STAR,special,
39089837550093648,not_in_dr1_or_edr,,GALAXY,special,
39089837424252784,not_in_dr1_or_edr,,STAR,special,
39089837550106416,not_in_dr1_or_edr,,GALAXY,special,
39089837550097064,not_in_dr1_or_edr,,STAR,special,
39089837550106064,not_in_dr1_or_edr,,GALAXY,special,
39089837550077440,not_in_dr1_or_edr,,GALAXY,special,
39089837550098120,not_in_dr1_or_edr,,GALAXY,special,
39089837550094664,not_in_dr1_or_edr,,GALAXY,special,
39627835559642688,not_in_dr1_or_edr,,STAR,main,
39089837545916912,not_in_dr1_or_edr,,STAR,special,
39627835559642504,not_in_dr1_or_edr,,STAR,sv3,
39627835559642160,not_in_dr1_or_edr,,STAR,main,
39089837394906536,not_in_dr1_or_edr,,GALAXY,special,
39627841599441360,not_in_dr1_or_edr,,QSO,sv3,
39089837545917152,not_in_dr1_or_edr,,STAR,special,
39089837394899840,not_in_dr1_or_edr,,GALAXY,special,
39089837394899824,not_in_dr1_or_edr,,STAR,special,
39627847639238208,not_in_dr1_or_edr,,QSO,main,
39089837394900784,not_in_dr1_or_edr,,STAR,special,
39089837394900728,saved,DESI-DR1,STAR,special,/Volumes/exdisk1/data/DESI/cosmos_star/DESI-39089837394900728.fits
39089837394906664,not_in_dr1_or_edr,,STAR,special,
39089837394906648,not_in_dr1_or_edr,,STAR,special,
39089837550082224,not_in_dr1_or_edr,,STAR,special,
39627835559642448,not_in_dr1_or_edr,,QSO,main,
39089837550094880,not_in_dr1_or_edr,,STAR,special,
39627847639238800,not_in_dr1_or_edr,,STAR,sv1,
39089837545917376,not_in_dr1_or_edr,,STAR,special,
39089837550088488,not_in_dr1_or_edr,,GALAXY,special,
39089837550102064,not_in_dr1_or_edr,,GALAXY,special,
39627841599441544,not_in_dr1_or_edr,,GALAXY,sv1,
39089837487167080,not_in_dr1_or_edr,,GALAXY,special,
39089837499757536,not_in_dr1_or_edr,,GALAXY,special,
39089837550098136,not_in_dr1_or_edr,,STAR,special,
39089837545917168,not_in_dr1_or_edr,,STAR,special,
39089837545917136,not_in_dr1_or_edr,,STAR,special,
39089837550085816,not_in_dr1_or_edr,,GALAXY,special,
39627847639239072,not_in_dr1_or_edr,,STAR,sv1,
39627847639238968,saved,DESI-DR1,GALAXY,main,/Volumes/exdisk1/data/DESI/cosmos_galaxy/DESI-39627847639238968.fits
39089837550102304,not_in_dr1_or_edr,,GALAXY,special,
39089837420058320,not_in_dr1_or_edr,,QSO,special,
39089837545917160,not_in_dr1_or_edr,,STAR,special,
39627841599441104,not_in_dr1_or_edr,,STAR,sv3,
39089837545917144,not_in_dr1_or_edr,,STAR,special,
39627841599440752,not_in_dr1_or_edr,,GALAXY,sv1,
39627835559643288,saved,DESI-DR1,STAR,sv3,/Volumes/exdisk1/data/DESI/cosmos_star/DESI-39627835559643288.fits
39089837424252792,not_in_dr1_or_edr,,STAR,special,
39089837394906608,not_in_dr1_or_edr,,STAR,special,
39089837545917400,not_in_dr1_or_edr,,STAR,special,
39089837394899856,saved,DESI-DR1,GALAXY,special,/Volumes/exdisk1/data/DESI/cosmos_galaxy/DESI-39089837394899856.fits
234538999480321,saved,DESI-DR1,QSO,sv1,/Volumes/exdisk1/data/DESI/cosmos_quasar/DESI-234538999480321.fits
39089837545917176,not_in_dr1_or_edr,,STAR,special,
39089837550096048,not_in_dr1_or_edr,,STAR,special,
39089837550085376,not_in_dr1_or_edr,,GALAXY,special,
39089837550105112,not_in_dr1_or_edr,,STAR,special,
39627841599441952,saved,DESI-DR1,STAR,sv1,/Volumes/exdisk1/data/DESI/cosmos_star/DESI-39627841599441952.fits
39089837394899968,not_in_dr1_or_edr,,STAR,special,
39089837545887776,not_in_dr1_or_edr,,GALAXY,special,
39089837550104112,not_in_dr1_or_edr,,GALAXY,special,
39089837545916960,not_in_dr1_or_edr,,GALAXY,special,
39089837550094992,not_in_dr1_or_edr,,GALAXY,special,
39089837550099048,not_in_dr1_or_edr,,QSO,special,
39089837545916944,not_in_dr1_or_edr,,STAR,special,
39089837550094984,not_in_dr1_or_edr,,GALAXY,special,
39627835559643008,not_in_dr1_or_edr,,QSO,main,
39089837550104856,not_in_dr1_or_edr,,STAR,special,
39627835559642880,not_in_dr1_or_edr,,STAR,main,
39627835559643904,not_in_dr1_or_edr,,GALAXY,sv3,
39089837499752808,not_in_dr1_or_edr,,QSO,special,
39089837545916976,not_in_dr1_or_edr,,STAR,special,
39089837545916968,not_in_dr1_or_edr,,STAR,special,
39627835559643160,not_in_dr1_or_edr,,STAR,sv3,
39089837550100768,not_in_dr1_or_edr,,GALAXY,special,
39627841599442576,not_in_dr1_or_edr,,STAR,main,
39627841599442376,saved,DESI-DR1,STAR,main,/Volumes/exdisk1/data/DESI/cosmos_star/DESI-39627841599442376.fits
39627841599442312,not_in_dr1_or_edr,,QSO,main,
39627841599442016,not_in_dr1_or_edr,,QSO,main,
39089837545916992,not_in_dr1_or_edr,,STAR,special,
39089837394906848,saved,DESI-DR1,STAR,special,/Volumes/exdisk1/data/DESI/cosmos_star/DESI-39089837394906848.fits
39089837550102000,not_in_dr1_or_edr,,STAR,special,
39089837545916984,not_in_dr1_or_edr,,STAR,special,
39089837550082968,not_in_dr1_or_edr,,QSO,special,
39089837550095912,not_in_dr1_or_edr,,GALAXY,special,
39089837545882216,not_in_dr1_or_edr,,GALAXY,special,
39089837550101592,not_in_dr1_or_edr,,GALAXY,special,
39089837550086376,not_in_dr1_or_edr,,STAR,special,
39089837550086416,not_in_dr1_or_edr,,STAR,special,
39089837545917424,not_in_dr1_or_edr,,STAR,special,
39089837394900976,not_in_dr1_or_edr,,STAR,special,
39089837550087248,not_in_dr1_or_edr,,STAR,special,
39089837550103264,not_in_dr1_or_edr,,GALAXY,special,
39089837550094064,not_in_dr1_or_edr,,STAR,special,
39627841599442920,saved,DESI-DR1,STAR,main,/Volumes/exdisk1/data/DESI/cosmos_star/DESI-39627841599442920.fits
39089837545917216,not_in_dr1_or_edr,,STAR,special,
39089837550101608,not_in_dr1_or_edr,,GALAXY,special,
39627841599442640,saved,DESI-DR1,STAR,sv3,/Volumes/exdisk1/data/DESI/cosmos_star/DESI-39627841599442640.fits
39089837545917200,not_in_dr1_or_edr,,STAR,special,
39627835559643768,not_in_dr1_or_edr,,GALAXY,sv3,
39089837424252808,not_in_dr1_or_edr,,STAR,special,
39089837394899984,not_in_dr1_or_edr,,STAR,special,
39089837550097872,not_in_dr1_or_edr,,GALAXY,special,
39089837550088480,not_in_dr1_or_edr,,STAR,special,
39089837545917440,not_in_dr1_or_edr,,STAR,special,
39627847639240176,not_in_dr1_or_edr,,STAR,sv3,
39089837550102888,not_in_dr1_or_edr,,STAR,special,
39089837550102720,not_in_dr1_or_edr,,STAR,special,
39627847639239184,not_in_dr1_or_edr,,GALAXY,sv1,
39627835559643984,saved,DESI-DR1,STAR,sv1,/Volumes/exdisk1/data/DESI/cosmos_star/DESI-39627835559643984.fits
39089837394900192,saved,DESI-DR1,STAR,special,/Volumes/exdisk1/data/DESI/cosmos_star/DESI-39089837394900192.fits
39089837545917232,not_in_dr1_or_edr,,STAR,special,
39627841599443296,saved,DESI-DR1,STAR,sv3,/Volumes/exdisk1/data/DESI/cosmos_star/DESI-39627841599443296.fits
39089837420058376,not_in_dr1_or_edr,,QSO,special,
39089837550102456,not_in_dr1_or_edr,,GALAXY,special,
39627841599442608,not_in_dr1_or_edr,,QSO,sv3,
39089837545917192,not_in_dr1_or_edr,,STAR,special,
39627841599442208,saved,DESI-DR1,STAR,sv3,/Volumes/exdisk1/data/DESI/cosmos_star/DESI-39627841599442208.fits
39089837550097880,not_in_dr1_or_edr,,STAR,special,
39089837550085464,not_in_dr1_or_edr,,GALAXY,special,
39089837394901168,saved,DESI-DR1,GALAXY,special,/Volumes/exdisk1/data/DESI/cosmos_galaxy/DESI-39089837394901168.fits
39089837550100416,not_in_dr1_or_edr,,GALAXY,special,
2305843037793681920,not_in_dr1_or_edr,,STAR,main,
39089837545917416,not_in_dr1_or_edr,,STAR,special,
39089837550088904,not_in_dr1_or_edr,,GALAXY,special,
39089837550104432,not_in_dr1_or_edr,,GALAXY,special,
39627847639239480,not_in_dr1_or_edr,,STAR,sv3,
39089837550088896,not_in_dr1_or_edr,,GALAXY,special,
39089837550105576,not_in_dr1_or_edr,,GALAXY,special,
39089837487165608,not_in_dr1_or_edr,,GALAXY,special,
39089837550090536,not_in_dr1_or_edr,,GALAXY,special,
39089837424252824,not_in_dr1_or_edr,,STAR,special,
39089837394900048,not_in_dr1_or_edr,,STAR,special,
39089837545917208,not_in_dr1_or_edr,,STAR,special,
39627841599442624,saved,DESI-DR1,STAR,sv3,/Volumes/exdisk1/data/DESI/cosmos_star/DESI-39627841599442624.fits
39089837550090136,not_in_dr1_or_edr,,GALAXY,special,
39089837550100424,not_in_dr1_or_edr,,GALAXY,special,
39089837550097648,not_in_dr1_or_edr,,GALAXY,special,
39627847639240064,not_in_dr1_or_edr,,GALAXY,sv3,
39089837550097632,not_in_dr1_or_edr,,STAR,special,
39089837550087464,not_in_dr1_or_edr,,GALAXY,special,
39089837550079120,not_in_dr1_or_edr,,STAR,special,
39089837550084072,not_in_dr1_or_edr,,STAR,special,
39627835559644536,saved,DESI-DR1,QSO,main,/Volumes/exdisk1/data/DESI/cosmos_quasar/DESI-39627835559644536.fits
39627835559644480,saved,DESI-DR1,STAR,sv3,/Volumes/exdisk1/data/DESI/cosmos_star/DESI-39627835559644480.fits
39089837550095824,not_in_dr1_or_edr,,GALAXY,special,
39089837394906840,not_in_dr1_or_edr,,STAR,special,
39089837394900264,saved,DESI-DR1,STAR,special,/Volumes/exdisk1/data/DESI/cosmos_star/DESI-39089837394900264.fits
39627841599443160,saved,DESI-DR1,STAR,sv3,/Volumes/exdisk1/data/DESI/cosmos_star/DESI-39627841599443160.fits
39089837394906952,saved,DESI-DR1,STAR,special,/Volumes/exdisk1/data/DESI/cosmos_star/DESI-39089837394906952.fits
39089837550106312,not_in_dr1_or_edr,,GALAXY,special,
39089837550101400,not_in_dr1_or_edr,,STAR,special,
234532959682560,saved,DESI-DR1,GALAXY,sv1,/Volumes/exdisk1/data/DESI/cosmos_galaxy/DESI-234532959682560.fits
39089837545917008,not_in_dr1_or_edr,,STAR,special,
39089837550095792,not_in_dr1_or_edr,,STAR,special,
234551079075845,saved,DESI-DR1,GALAXY,sv1,/Volumes/exdisk1/data/DESI/cosmos_galaxy/DESI-234551079075845.fits
-834574070,not_in_dr1_or_edr,,GALAXY,special,
39089837394901024,not_in_dr1_or_edr,,STAR,special,
39089837394900280,saved,DESI-DR1,STAR,special,/Volumes/exdisk1/data/DESI/cosmos_star/DESI-39089837394900280.fits
39089837550101288,not_in_dr1_or_edr,,GALAXY,special,
39089837550083936,not_in_dr1_or_edr,,GALAXY,special,
39089837545917256,not_in_dr1_or_edr,,STAR,special,
39089837424251728,not_in_dr1_or_edr,,STAR,special,
39627841599443544,not_in_dr1_or_edr,,STAR,sv3,
39089837550077760,not_in_dr1_or_edr,,QSO,special,
39089837487167096,not_in_dr1_or_edr,,GALAXY,special,
234538999480324,saved,DESI-DR1,GALAXY,sv1,/Volumes/exdisk1/data/DESI/cosmos_galaxy/DESI-234538999480324.fits
39089837545917680,not_in_dr1_or_edr,,STAR,special,
39089837550089016,not_in_dr1_or_edr,,QSO,special,
39089837550097584,not_in_dr1_or_edr,,GALAXY,special,
39089837394907008,not_in_dr1_or_edr,,STAR,special,
39089837550087576,not_in_dr1_or_edr,,GALAXY,special,
39089837550100688,not_in_dr1_or_edr,,STAR,special,
39089837394907000,saved,DESI-DR1,GALAXY,special,/Volumes/exdisk1/data/DESI/cosmos_galaxy/DESI-39089837394907000.fits
39089837394906976,not_in_dr1_or_edr,,STAR,special,
39089837550089912,not_in_dr1_or_edr,,STAR,special,
39089837545917024,not_in_dr1_or_edr,,STAR,special,
39089837550087568,not_in_dr1_or_edr,,GALAXY,special,
39089837550088928,not_in_dr1_or_edr,,GALAXY,special,
39089837550101480,not_in_dr1_or_edr,,STAR,special,
39089837394906880,not_in_dr1_or_edr,,STAR,special,
39089837420059840,not_in_dr1_or_edr,,QSO,special,
39627835559644264,not_in_dr1_or_edr,,QSO,sv1,
39089837545888104,not_in_dr1_or_edr,,GALAXY,special,
39089837394901256,not_in_dr1_or_edr,,STAR,special,
39627841599444264,not_in_dr1_or_edr,,STAR,sv3,
39089837550099960,not_in_dr1_or_edr,,STAR,special,
39089837550097424,not_in_dr1_or_edr,,GALAXY,special,
39627835559644720,not_in_dr1_or_edr,,QSO,main,
39089837394900208,not_in_dr1_or_edr,,GALAXY,special,
39627841599443424,not_in_dr1_or_edr,,STAR,main,
39089837550102472,not_in_dr1_or_edr,,GALAXY,special,
39089837550098952,not_in_dr1_or_edr,,STAR,special,
39627847639241192,not_in_dr1_or_edr,,STAR,main,
39089837545917456,not_in_dr1_or_edr,,STAR,special,
234538999480320,saved,DESI-DR1,STAR,sv1,/Volumes/exdisk1/data/DESI/cosmos_star/DESI-234538999480320.fits
39089837550094704,not_in_dr1_or_edr,,GALAXY,special,
39089837550089624,not_in_dr1_or_edr,,GALAXY,special,
39089837550094696,not_in_dr1_or_edr,,GALAXY,special,
39089837545917504,not_in_dr1_or_edr,,STAR,special,
39627847639241808,not_in_dr1_or_edr,,QSO,main,
39089837545917488,not_in_dr1_or_edr,,STAR,special,
39627847639241288,not_in_dr1_or_edr,,QSO,sv3,
39089837394901296,saved,DESI-DR1,GALAXY,special,/Volumes/exdisk1/data/DESI/cosmos_galaxy/DESI-39089837394901296.fits
39089837424251888,not_in_dr1_or_edr,,STAR,special,
39089837550075952,not_in_dr1_or_edr,,GALAXY,special,
39089837550079016,not_in_dr1_or_edr,,GALAXY,special,
39089837545917056,not_in_dr1_or_edr,,STAR,special,
39627835559645624,not_in_dr1_or_edr,,STAR,sv3,
39089837550087472,not_in_dr1_or_edr,,GALAXY,special,
39089837550080344,not_in_dr1_or_edr,,STAR,special,
39089837394906992,not_in_dr1_or_edr,,GALAXY,special,
39089837550090544,not_in_dr1_or_edr,,GALAXY,special,
39627841599444848,not_in_dr1_or_edr,,STAR,main,
2781007929409544,not_in_dr1_or_edr,,STAR,main,
39627847639241576,not_in_dr1_or_edr,,STAR,sv1,
39089837545917472,not_in_dr1_or_edr,,STAR,special,
39089837394901304,not_in_dr1_or_edr,,GALAXY,special,
39089837545917072,not_in_dr1_or_edr,,STAR,special,
39089837550079008,not_in_dr1_or_edr,,STAR,special,
39089837550089392,not_in_dr1_or_edr,,STAR,special,
39627835559645488,not_in_dr1_or_edr,,STAR,sv3,
39089837545917040,not_in_dr1_or_edr,,STAR,special,
39089837499785128,not_in_dr1_or_edr,,GALAXY,special,
39089837550088432,not_in_dr1_or_edr,,STAR,special,
39089837550089384,not_in_dr1_or_edr,,STAR,special,
39089837545917296,not_in_dr1_or_edr,,STAR,special,
39089837550076592,not_in_dr1_or_edr,,GALAXY,special,
39627841599445192,not_in_dr1_or_edr,,QSO,main,
39089837550101184,not_in_dr1_or_edr,,GALAXY,special,
39089837545917280,not_in_dr1_or_edr,,STAR,special,
39089837550099664,not_in_dr1_or_edr,,STAR,special,
39089837550098560,not_in_dr1_or_edr,,STAR,special,
39089837545917264,not_in_dr1_or_edr,,STAR,special,
39089837394900256,not_in_dr1_or_edr,,STAR,special,
39089837550093920,not_in_dr1_or_edr,,GALAXY,special,
39627847639242024,not_in_dr1_or_edr,,GALAXY,sv1,
39089837550087224,not_in_dr1_or_edr,,GALAXY,special,
39627853679038784,not_in_dr1_or_edr,,STAR,sv3,
2305843037793682944,not_in_dr1_or_edr,,STAR,main,
39089837550080104,not_in_dr1_or_edr,,STAR,special,
39089837550142680,not_in_dr1_or_edr,,GALAXY,special,
39089837550135024,not_in_dr1_or_edr,,QSO,special,
39089837550097152,not_in_dr1_or_edr,,STAR,special,
39089837420059912,not_in_dr1_or_edr,,QSO,special,
39627835559646016,not_in_dr1_or_edr,,GALAXY,sv3,
39089837550106152,not_in_dr1_or_edr,,GALAXY,special,
39089837545917064,not_in_dr1_or_edr,,STAR,special,
39089837550091352,not_in_dr1_or_edr,,GALAXY,special,
39627835559645272,not_in_dr1_or_edr,,QSO,main,
39089837550093760,not_in_dr1_or_edr,,QSO,special,
39089837550092560,not_in_dr1_or_edr,,STAR,special,
39089837394900432,saved,DESI-DR1,STAR,special,/Volumes/exdisk1/data/DESI/cosmos_star/DESI-39089837394900432.fits
39089837550092544,not_in_dr1_or_edr,,STAR,special,
39089837394900360,saved,DESI-DR1,STAR,special,/Volumes/exdisk1/data/DESI/cosmos_star/DESI-39089837394900360.fits
39089837487167248,not_in_dr1_or_edr,,GALAXY,special,
39089837550086320,not_in_dr1_or_edr,,STAR,special,
39089837394900296,not_in_dr1_or_edr,,GALAXY,special,
39089837545921480,not_in_dr1_or_edr,,STAR,special,
39089837550077648,not_in_dr1_or_edr,,STAR,special,
39627853679039176,not_in_dr1_or_edr,,GALAXY,main,
39089837545917720,not_in_dr1_or_edr,,STAR,special,
39627835563835472,not_in_dr1_or_edr,,STAR,main,
39089837550119568,not_in_dr1_or_edr,,GALAXY,special,
39089837394907128,not_in_dr1_or_edr,,STAR,special,
39089837394907120,saved,DESI-DR1,STAR,special,/Volumes/exdisk1/data/DESI/cosmos_star/DESI-39089837394907120.fits
39089837545921280,not_in_dr1_or_edr,,STAR,special,
243341136494609,saved,DESI-DR1,GALAXY,sv1,/Volumes/exdisk1/data/DESI/cosmos_galaxy/DESI-243341136494609.fits
39089837545898064,not_in_dr1_or_edr,,GALAXY,special,
39627847639242040,not_in_dr1_or_edr,,STAR,special,
39089837550094088,not_in_dr1_or_edr,,GALAXY,special,
39089837550102152,not_in_dr1_or_edr,,STAR,special,
39089837550079872,not_in_dr1_or_edr,,GALAXY,special,
39089837550131512,not_in_dr1_or_edr,,GALAXY,special,
39089837545920816,not_in_dr1_or_edr,,STAR,special,
39089837550132760,not_in_dr1_or_edr,,GALAXY,special,
39627835563835448,not_in_dr1_or_edr,,STAR,sv3,
39089837550131504,not_in_dr1_or_edr,,STAR,special,
39089837420058464,not_in_dr1_or_edr,,QSO,special,
39089837394900416,not_in_dr1_or_edr,,STAR,special,
39089837550111920,not_in_dr1_or_edr,,STAR,special,
39089837487165744,not_in_dr1_or_edr,,GALAXY,special,
39089837550084240,not_in_dr1_or_edr,,STAR,special,
39089837550088048,not_in_dr1_or_edr,,STAR,special,
39089837550098960,not_in_dr1_or_edr,,STAR,special,
39089837545917496,not_in_dr1_or_edr,,STAR,special,
39627841599444888,not_in_dr1_or_edr,,STAR,sv1,
39627841599444992,not_in_dr1_or_edr,,STAR,main,
39089837395048976,not_in_dr1_or_edr,,STAR,special,
39627841603633288,not_in_dr1_or_edr,,QSO,sv3,
39627841603634136,not_in_dr1_or_edr,,STAR,sv1,
39627835563836192,not_in_dr1_or_edr,,STAR,sv1,
39089837545881832,not_in_dr1_or_edr,,GALAXY,special,
39627835563835504,not_in_dr1_or_edr,,GALAXY,sv1,
39627847643431160,not_in_dr1_or_edr,,STAR,sv3,
39089837499744496,not_in_dr1_or_edr,,GALAXY,special,
39089837394901528,saved,DESI-DR1,STAR,special,/Volumes/exdisk1/data/DESI/cosmos_star/DESI-39089837394901528.fits
243341132300356,saved,DESI-DR1,GALAXY,sv1,/Volumes/exdisk1/data/DESI/cosmos_galaxy/DESI-243341132300356.fits
39089837550124824,not_in_dr1_or_edr,,QSO,special,
39627841603634280,saved,DESI-DR1,GALAXY,sv3,/Volumes/exdisk1/data/DESI/cosmos_galaxy/DESI-39627841603634280.fits
39089837420113352,not_in_dr1_or_edr,,QSO,special,
39627841603634112,not_in_dr1_or_edr,,STAR,sv3,
39089837550131680,not_in_dr1_or_edr,,GALAXY,special,
39089837395048984,not_in_dr1_or_edr,,STAR,special,
39089837545920840,not_in_dr1_or_edr,,STAR,special,
39089837394907136,saved,DESI-DR1,STAR,special,/Volumes/exdisk1/data/DESI/cosmos_star/DESI-39089837394907136.fits
39089837394907144,not_in_dr1_or_edr,,STAR,special,
39089837395050984,not_in_dr1_or_edr,,STAR,special,
39089837545921288,not_in_dr1_or_edr,,STAR,special,
39627847643431496,saved,DESI-DR1,STAR,sv3,/Volumes/exdisk1/data/DESI/cosmos_star/DESI-39627847643431496.fits
39627847643431632,not_in_dr1_or_edr,,STAR,main,
39627847643431568,not_in_dr1_or_edr,,STAR,sv3,
39089837550132200,not_in_dr1_or_edr,,GALAXY,special,
39089837545921272,not_in_dr1_or_edr,,STAR,special,
39089837550140880,not_in_dr1_or_edr,,GALAXY,special,
39089837545921072,not_in_dr1_or_edr,,STAR,special,
2305843037793686528,not_in_dr1_or_edr,,STAR,sv3,
39089837545888120,not_in_dr1_or_edr,,STAR,special,
39089837550147728,not_in_dr1_or_edr,,STAR,special,
39089837550122848,not_in_dr1_or_edr,,QSO,special,
39089837395049064,not_in_dr1_or_edr,,STAR,special,
2305843037793687040,not_in_dr1_or_edr,,STAR,main,
39627841599445176,not_in_dr1_or_edr,,QSO,sv3,
39089837395050952,saved,DESI-DR1,GALAXY,special,/Volumes/exdisk1/data/DESI/cosmos_galaxy/DESI-39089837395050952.fits
39089837550117344,not_in_dr1_or_edr,,STAR,special,
39089837550117672,not_in_dr1_or_edr,,QSO,special,
39089837545920856,not_in_dr1_or_edr,,STAR,special,
39089837395006016,saved,DESI-DR1,STAR,special,/Volumes/exdisk1/data/DESI/cosmos_star/DESI-39089837395006016.fits
39089837550125128,not_in_dr1_or_edr,,GALAXY,special,
39089837550111296,not_in_dr1_or_edr,,GALAXY,special,
39089837550142688,not_in_dr1_or_edr,,GALAXY,special,
39089837550112512,not_in_dr1_or_edr,,GALAXY,special,
39627841603633840,not_in_dr1_or_edr,,QSO,sv1,
39089837545921064,not_in_dr1_or_edr,,STAR,special,
39089837395049200,saved,DESI-DR1,GALAXY,special,/Volumes/exdisk1/data/DESI/cosmos_galaxy/DESI-39089837395049200.fits
39089837550132320,not_in_dr1_or_edr,,GALAXY,special,
39089837545921088,not_in_dr1_or_edr,,STAR,special,
39627853683229696,not_in_dr1_or_edr,,QSO,sv3,
39089837545891888,not_in_dr1_or_edr,,GALAXY,special,
39089837550140800,not_in_dr1_or_edr,,STAR,special,
39089837545891824,not_in_dr1_or_edr,,GALAXY,special,
39089837550147272,not_in_dr1_or_edr,,STAR,special,
39089837550112208,not_in_dr1_or_edr,,GALAXY,special,
39089837545920824,not_in_dr1_or_edr,,STAR,special,
39089837395051096,saved,DESI-DR1,GALAXY,special,/Volumes/exdisk1/data/DESI/cosmos_galaxy/DESI-39089837395051096.fits
2305843037793683968,saved,DESI-DR1,STAR,sv3,/Volumes/exdisk1/data/DESI/cosmos_star/DESI-2305843037793683968.fits
39089837550117784,not_in_dr1_or_edr,,QSO,special,
39089837550138288,not_in_dr1_or_edr,,STAR,special,
39089837550111328,not_in_dr1_or_edr,,GALAXY,special,
39089837545920848,not_in_dr1_or_edr,,STAR,special,
243329056899129,saved,DESI-DR1,GALAXY,sv1,/Volumes/exdisk1/data/DESI/cosmos_galaxy/DESI-243329056899129.fits
39627835563835816,not_in_dr1_or_edr,,STAR,sv3,
39627847643432472,not_in_dr1_or_edr,,QSO,main,
39089837550144968,not_in_dr1_or_edr,,STAR,special,
39627847643431872,not_in_dr1_or_edr,,STAR,sv3,
39089837550116320,not_in_dr1_or_edr,,GALAXY,special,
39627841603634168,saved,DESI-DR1,STAR,sv3,/Volumes/exdisk1/data/DESI/cosmos_star/DESI-39627841603634168.fits
39089837550125224,not_in_dr1_or_edr,,GALAXY,special,
39089837395049184,not_in_dr1_or_edr,,STAR,special,
39627841603634504,not_in_dr1_or_edr,,GALAXY,main,
39089837550113232,not_in_dr1_or_edr,,GALAXY,special,
39627841603635624,not_in_dr1_or_edr,,STAR,sv3,
39089837487165616,not_in_dr1_or_edr,,GALAXY,special,
39089837395051072,not_in_dr1_or_edr,,STAR,special,
39627847643432376,not_in_dr1_or_edr,,QSO,sv1,
39089837395051048,saved,DESI-DR1,STAR,special,/Volumes/exdisk1/data/DESI/cosmos_star/DESI-39089837395051048.fits
39089837550132216,not_in_dr1_or_edr,,STAR,special,
39089837545891864,not_in_dr1_or_edr,,GALAXY,special,
-833059010,not_in_dr1_or_edr,,GALAXY,special,
39089837395006112,saved,DESI-DR1,GALAXY,special,/Volumes/exdisk1/data/DESI/cosmos_galaxy/DESI-39089837395006112.fits
39089837550129088,not_in_dr1_or_edr,,QSO,special,
39089837550136888,not_in_dr1_or_edr,,GALAXY,special,
39627841603634560,not_in_dr1_or_edr,,QSO,main,
39089837550122456,not_in_dr1_or_edr,,GALAXY,special,
39089837545921104,not_in_dr1_or_edr,,STAR,special,
39089837395051200,saved,DESI-DR1,STAR,special,/Volumes/exdisk1/data/DESI/cosmos_star/DESI-39089837395051200.fits
39089837395051168,not_in_dr1_or_edr,,STAR,special,
39089837550128056,not_in_dr1_or_edr,,GALAXY,special,
39089837550145232,not_in_dr1_or_edr,,GALAXY,special,
39089837545921312,not_in_dr1_or_edr,,STAR,special,
39089837545920880,not_in_dr1_or_edr,,STAR,special,
39089837550135376,not_in_dr1_or_edr,,STAR,special,
39627835563836848,not_in_dr1_or_edr,,STAR,special,
39089837395006056,not_in_dr1_or_edr,,STAR,special,
39089837550138224,not_in_dr1_or_edr,,STAR,special,
39627841603635240,not_in_dr1_or_edr,,GALAXY,sv3,
39627841603635648,not_in_dr1_or_edr,,QSO,sv3,
39089837545921136,not_in_dr1_or_edr,,STAR,special,
39089837550134696,not_in_dr1_or_edr,,GALAXY,special,
39089837395051144,not_in_dr1_or_edr,,GALAXY,special,
39089837545921320,not_in_dr1_or_edr,,STAR,special,
39089837545921336,not_in_dr1_or_edr,,STAR,special,
39089837395006096,not_in_dr1_or_edr,,QSO,special,
-833059003,not_in_dr1_or_edr,,GALAXY,special,
39089837545920888,not_in_dr1_or_edr,,STAR,special,
39089837550129544,not_in_dr1_or_edr,,GALAXY,special,
39089837550119272,not_in_dr1_or_edr,,STAR,special,
39089837550128208,not_in_dr1_or_edr,,STAR,special,
39089837395049344,saved,DESI-DR1,GALAXY,special,/Volumes/exdisk1/data/DESI/cosmos_galaxy/DESI-39089837395049344.fits
39089837550121280,not_in_dr1_or_edr,,STAR,special,
39089837499788512,not_in_dr1_or_edr,,GALAXY,special,
39627835563837632,not_in_dr1_or_edr,,GALAXY,sv3,
39089837550122792,not_in_dr1_or_edr,,STAR,special,
39627847643433032,not_in_dr1_or_edr,,STAR,main,
39089837395051160,not_in_dr1_or_edr,,GALAXY,special,
39089837550141440,not_in_dr1_or_edr,,STAR,special,
39627847643432672,not_in_dr1_or_edr,,GALAXY,sv3,
2781020013199363,not_in_dr1_or_edr,,STAR,main,
39627841603636216,not_in_dr1_or_edr,,GALAXY,sv3,
39089837550113712,not_in_dr1_or_edr,,GALAXY,special,
39089837550113704,not_in_dr1_or_edr,,STAR,special,
39089837395006264,saved,DESI-DR1,STAR,special,/Volumes/exdisk1/data/DESI/cosmos_star/DESI-39089837395006264.fits
39089837550133888,not_in_dr1_or_edr,,STAR,special,
39627841603636304,not_in_dr1_or_edr,,QSO,sv3,
39089837550132816,not_in_dr1_or_edr,,GALAXY,special,
39627835563837136,not_in_dr1_or_edr,,STAR,sv3,
243329056899081,saved,DESI-DR1,GALAXY,sv1,/Volumes/exdisk1/data/DESI/cosmos_galaxy/DESI-243329056899081.fits
39089837545920872,not_in_dr1_or_edr,,STAR,special,
39627835563836896,saved,DESI-DR1,GALAXY,sv1,/Volumes/exdisk1/data/DESI/cosmos_galaxy/DESI-39627835563836896.fits
39089837545921352,not_in_dr1_or_edr,,STAR,special,
243341136494696,saved,DESI-DR1,GALAXY,sv1,/Volumes/exdisk1/data/DESI/cosmos_galaxy/DESI-243341136494696.fits
2305843037793685504,not_in_dr1_or_edr,,STAR,sv3,
39089837550126792,not_in_dr1_or_edr,,STAR,special,
39627841603636024,not_in_dr1_or_edr,,QSO,sv3,
39627841603636184,not_in_dr1_or_edr,,QSO,main,
39627841603636360,saved,DESI-DR1,QSO,sv3,/Volumes/exdisk1/data/DESI/cosmos_quasar/DESI-39627841603636360.fits
39627841603636456,not_in_dr1_or_edr,,GALAXY,sv1,
39089837545920944,not_in_dr1_or_edr,,STAR,special,
39089837550142960,not_in_dr1_or_edr,,QSO,special,
39089837545920936,not_in_dr1_or_edr,,STAR,special,
39089837545920896,not_in_dr1_or_edr,,STAR,special,
39089837550131632,not_in_dr1_or_edr,,GALAXY,special,
39627847643433288,not_in_dr1_or_edr,,STAR,main,
39627847643433160,not_in_dr1_or_edr,,GALAXY,main,
39089837550143376,not_in_dr1_or_edr,,GALAXY,special,
39089837550136832,not_in_dr1_or_edr,,STAR,special,
39089837395051376,not_in_dr1_or_edr,,GALAXY,special,
39627847643434216,not_in_dr1_or_edr,,GALAXY,main,
39089837550216496,not_in_dr1_or_edr,,QSO,special,
39089837545921376,not_in_dr1_or_edr,,STAR,special,
39089837550117824,not_in_dr1_or_edr,,GALAXY,special,
39089837550144384,not_in_dr1_or_edr,,GALAXY,special,
39627841603636120,not_in_dr1_or_edr,,STAR,special,
39089837550145000,not_in_dr1_or_edr,,STAR,special,
39089837424293040,not_in_dr1_or_edr,,STAR,special,
39089837545921152,not_in_dr1_or_edr,,STAR,special,
39089837395049536,not_in_dr1_or_edr,,STAR,special,
39089837550122136,not_in_dr1_or_edr,,STAR,special,
39089837550130512,not_in_dr1_or_edr,,GALAXY,special,
39089837550120800,not_in_dr1_or_edr,,GALAXY,special,
39089837545921368,not_in_dr1_or_edr,,STAR,special,
39089837395051368,saved,DESI-DR1,GALAXY,special,/Volumes/exdisk1/data/DESI/cosmos_galaxy/DESI-39089837395051368.fits
39627847643434016,saved,DESI-DR1,GALAXY,sv1,/Volumes/exdisk1/data/DESI/cosmos_galaxy/DESI-39627847643434016.fits
39089837420113824,not_in_dr1_or_edr,,QSO,special,
39089837395051264,not_in_dr1_or_edr,,GALAXY,special,
39089837550143640,not_in_dr1_or_edr,,GALAXY,special,
39089837550135192,not_in_dr1_or_edr,,QSO,special,
39089837550135184,not_in_dr1_or_edr,,STAR,special,
39089837545920904,not_in_dr1_or_edr,,STAR,special,
39627841603636640,not_in_dr1_or_edr,,GALAXY,main,
39089837550142344,not_in_dr1_or_edr,,STAR,special,
39089837550122104,not_in_dr1_or_edr,,STAR,special,
39089837550145808,not_in_dr1_or_edr,,STAR,special,
39089837395051416,not_in_dr1_or_edr,,GALAXY,special,
39627847643434496,not_in_dr1_or_edr,,GALAXY,sv3,
39089837545921392,not_in_dr1_or_edr,,STAR,special,
39089837390696168,not_in_dr1_or_edr,,STAR,special,
39089837545920912,not_in_dr1_or_edr,,STAR,special,
243329056899096,saved,DESI-DR1,GALAXY,sv1,/Volumes/exdisk1/data/DESI/cosmos_galaxy/DESI-243329056899096.fits
39089837545920928,not_in_dr1_or_edr,,STAR,special,
39627835563838272,not_in_dr1_or_edr,,STAR,sv3,
39089837395006360,not_in_dr1_or_edr,,STAR,special,
39089837395006400,not_in_dr1_or_edr,,STAR,special,
39089837550112000,not_in_dr1_or_edr,,GALAXY,special,
39089837550116096,not_in_dr1_or_edr,,GALAXY,special,
39089837550118336,not_in_dr1_or_edr,,STAR,special,
39089837545921184,not_in_dr1_or_edr,,STAR,special,
39089837550115368,not_in_dr1_or_edr,,GALAXY,special,
39089837550124024,not_in_dr1_or_edr,,GALAXY,special,
39627835563838952,not_in_dr1_or_edr,,GALAXY,main,
39627835563838552,not_in_dr1_or_edr,,GALAXY,main,
39627835563838480,saved,DESI-DR1,QSO,sv1,/Volumes/exdisk1/data/DESI/cosmos_quasar/DESI-39627835563838480.fits
39089837550141280,not_in_dr1_or_edr,,GALAXY,special,
39089837545921176,not_in_dr1_or_edr,,STAR,special,
39089837395049632,not_in_dr1_or_edr,,STAR,special,
39627847643434576,not_in_dr1_or_edr,,STAR,sv3,
39089837550130544,not_in_dr1_or_edr,,GALAXY,special,
39089837550131584,not_in_dr1_or_edr,,GALAXY,special,
2305843037793691136,not_in_dr1_or_edr,,STAR,main,
39089837550144288,not_in_dr1_or_edr,,STAR,special,
39089837395051632,not_in_dr1_or_edr,,GALAXY,special,
39627847643435136,not_in_dr1_or_edr,,STAR,sv3,
39089837545921400,not_in_dr1_or_edr,,STAR,special,
39089837545882328,not_in_dr1_or_edr,,GALAXY,special,
39089837545921384,not_in_dr1_or_edr,,STAR,special,
243341136494612,saved,DESI-DR1,GALAXY,sv1,/Volumes/exdisk1/data/DESI/cosmos_galaxy/DESI-243341136494612.fits
39089837545921160,not_in_dr1_or_edr,,STAR,special,
39089837545891856,not_in_dr1_or_edr,,GALAXY,special,
39089837420113456,not_in_dr1_or_edr,,QSO,special,
39089837550114016,not_in_dr1_or_edr,,STAR,special,
39089837545921192,not_in_dr1_or_edr,,STAR,special,
39089837550112488,not_in_dr1_or_edr,,GALAXY,special,
39089837545921408,not_in_dr1_or_edr,,STAR,special,
39089837550130688,not_in_dr1_or_edr,,GALAXY,special,
39089837550129936,not_in_dr1_or_edr,,STAR,special,
39089837550125808,not_in_dr1_or_edr,,GALAXY,special,
39627835563839200,not_in_dr1_or_edr,,STAR,sv3,
39089837550119248,not_in_dr1_or_edr,,STAR,special,
39089837545920728,not_in_dr1_or_edr,,STAR,special,
39627835563838880,not_in_dr1_or_edr,,QSO,sv3,
39089837550119240,not_in_dr1_or_edr,,GALAXY,special,
39089837395058528,saved,DESI-DR1,STAR,special,/Volumes/exdisk1/data/DESI/cosmos_star/DESI-39089837395058528.fits
39627835563838520,not_in_dr1_or_edr,,STAR,sv3,
39627841603637320,not_in_dr1_or_edr,,STAR,main,
39089837550148016,not_in_dr1_or_edr,,GALAXY,special,
39089837550113936,not_in_dr1_or_edr,,GALAXY,special,
39089837550111688,not_in_dr1_or_edr,,STAR,special,
39089837550143536,not_in_dr1_or_edr,,STAR,special,
39089837545921416,not_in_dr1_or_edr,,STAR,special,
39089837550116016,not_in_dr1_or_edr,,GALAXY,special,
39089837550114864,not_in_dr1_or_edr,,STAR,special,
39627847643435000,not_in_dr1_or_edr,,STAR,sv3,
39089837550134320,not_in_dr1_or_edr,,STAR,special,
39089837550119872,not_in_dr1_or_edr,,STAR,special,
39089837545921008,not_in_dr1_or_edr,,STAR,special,
39089837545921000,not_in_dr1_or_edr,,STAR,special,
39089837550146384,not_in_dr1_or_edr,,STAR,special,
39089837550218840,not_in_dr1_or_edr,,GALAXY,special,
39089837545920976,not_in_dr1_or_edr,,STAR,special,
39627835563839112,not_in_dr1_or_edr,,STAR,sv3,
39089837550120704,not_in_dr1_or_edr,,GALAXY,special,
39089837550120088,not_in_dr1_or_edr,,STAR,special,
39627841603638032,not_in_dr1_or_edr,,GALAXY,main,
39627841603638096,not_in_dr1_or_edr,,QSO,main,
39627835563840064,not_in_dr1_or_edr,,QSO,main,
39089837550145248,not_in_dr1_or_edr,,GALAXY,special,
39089837545882288,not_in_dr1_or_edr,,GALAXY,special,
39089837550148320,not_in_dr1_or_edr,,QSO,special,
39089837550130560,not_in_dr1_or_edr,,GALAXY,special,
39089837545920968,not_in_dr1_or_edr,,STAR,special,
39089837395051728,saved,DESI-DR1,GALAXY,special,/Volumes/exdisk1/data/DESI/cosmos_galaxy/DESI-39089837395051728.fits
39089837545921424,not_in_dr1_or_edr,,STAR,special,
39089837550116456,not_in_dr1_or_edr,,GALAXY,special,
39089837395051576,not_in_dr1_or_edr,,GALAXY,special,
39627847643435208,not_in_dr1_or_edr,,STAR,sv3,
39627847643435056,not_in_dr1_or_edr,,STAR,sv3,
39089837550124768,not_in_dr1_or_edr,,STAR,special,
39089837395051536,not_in_dr1_or_edr,,STAR,special,
39627847643434976,not_in_dr1_or_edr,,GALAXY,sv3,
39089837545921216,not_in_dr1_or_edr,,STAR,special,
39089837395049800,saved,DESI-DR1,STAR,special,/Volumes/exdisk1/data/DESI/cosmos_star/DESI-39089837395049800.fits
2305843037793682432,not_in_dr1_or_edr,,STAR,sv3,
39089837395049704,saved,DESI-DR1,STAR,special,/Volumes/exdisk1/data/DESI/cosmos_star/DESI-39089837395049704.fits
243335096696864,saved,DESI-DR1,GALAXY,sv1,/Volumes/exdisk1/data/DESI/cosmos_galaxy/DESI-243335096696864.fits
39089837550131872,not_in_dr1_or_edr,,STAR,special,
39627835563839256,saved,DESI-DR1,GALAXY,main,/Volumes/exdisk1/data/DESI/cosmos_galaxy/DESI-39627835563839256.fits
39089837395006512,not_in_dr1_or_edr,,STAR,special,
39089837550148304,not_in_dr1_or_edr,,STAR,special,
39089837545921232,not_in_dr1_or_edr,,STAR,special,
39627841603638736,not_in_dr1_or_edr,,STAR,main,
39627841603638352,saved,DESI-DR1,GALAXY,sv3,/Volumes/exdisk1/data/DESI/cosmos_galaxy/DESI-39627841603638352.fits
39089837395049752,not_in_dr1_or_edr,,GALAXY,special,
39089837545921208,not_in_dr1_or_edr,,STAR,special,
39089837550120320,not_in_dr1_or_edr,,GALAXY,special,
39089837545921032,not_in_dr1_or_edr,,STAR,special,
39089837550143776,not_in_dr1_or_edr,,GALAXY,special,
39089837550123896,not_in_dr1_or_edr,,STAR,special,
39627835563839600,saved,DESI-DR1,QSO,sv3,/Volumes/exdisk1/data/DESI/cosmos_quasar/DESI-39627835563839600.fits
39089837395006600,saved,DESI-DR1,STAR,special,/Volumes/exdisk1/data/DESI/cosmos_star/DESI-39089837395006600.fits
39089837390717088,not_in_dr1_or_edr,,QSO,special,
39627835563839448,not_in_dr1_or_edr,,GALAXY,sv1,
39089837550139216,not_in_dr1_or_edr,,QSO,special,
234545043472405,saved,DESI-DR1,GALAXY,sv1,/Volumes/exdisk1/data/DESI/cosmos_galaxy/DESI-234545043472405.fits
39089837550116000,not_in_dr1_or_edr,,STAR,special,
39089837395051784,not_in_dr1_or_edr,,STAR,special,
39089837545921456,not_in_dr1_or_edr,,STAR,special,
39089837550140808,not_in_dr1_or_edr,,GALAXY,special,
39089837545921024,not_in_dr1_or_edr,,STAR,special,
39089837550130296,not_in_dr1_or_edr,,GALAXY,special,
39089837550116640,not_in_dr1_or_edr,,STAR,special,
39089837545921224,not_in_dr1_or_edr,,STAR,special,
39089837550123944,not_in_dr1_or_edr,,QSO,special,
39089837395049776,not_in_dr1_or_edr,,GALAXY,special,
39089837395058960,not_in_dr1_or_edr,,STAR,special,
39089837550125648,not_in_dr1_or_edr,,QSO,special,
39089837550139336,not_in_dr1_or_edr,,GALAXY,special,
39089837545920792,not_in_dr1_or_edr,,STAR,special,
39627829524042120,not_in_dr1_or_edr,,QSO,sv1,
39627835563839896,not_in_dr1_or_edr,,QSO,sv1,
39089837395051872,saved,DESI-DR1,STAR,special,/Volumes/exdisk1/data/DESI/cosmos_star/DESI-39089837395051872.fits
39627847643436616,not_in_dr1_or_edr,,GALAXY,sv3,
39089837545921448,not_in_dr1_or_edr,,STAR,special,
39089837550121616,not_in_dr1_or_edr,,GALAXY,special,
39089837395051800,not_in_dr1_or_edr,,STAR,special,
39627847643436056,not_in_dr1_or_edr,,QSO,sv1,
39089837395051744,saved,DESI-DR1,STAR,special,/Volumes/exdisk1/data/DESI/cosmos_star/DESI-39089837395051744.fits
39627841603639768,not_in_dr1_or_edr,,STAR,sv3,
39089837545921256,not_in_dr1_or_edr,,STAR,special,
39089837545921248,not_in_dr1_or_edr,,STAR,special,
39627841603638944,saved,DESI-DR1,QSO,sv3,/Volumes/exdisk1/data/DESI/cosmos_quasar/DESI-39627841603638944.fits
39089837395049832,not_in_dr1_or_edr,,STAR,special,
39089837550112496,not_in_dr1_or_edr,,GALAXY,special,
39627841603638520,not_in_dr1_or_edr,,QSO,main,
39089837550115992,not_in_dr1_or_edr,,STAR,special,
39089837545923624,not_in_dr1_or_edr,,STAR,special,
39627847643436920,not_in_dr1_or_edr,,STAR,sv3,
39089837550145296,not_in_dr1_or_edr,,STAR,special,
39089837545921464,not_in_dr1_or_edr,,STAR,special,
39089837550121600,not_in_dr1_or_edr,,STAR,special,
39089837545921432,not_in_dr1_or_edr,,STAR,special,
39089837545921440,not_in_dr1_or_edr,,STAR,special,
39089837395051712,saved,DESI-DR1,STAR,special,/Volumes/exdisk1/data/DESI/cosmos_star/DESI-39089837395051712.fits
39627835568029728,not_in_dr1_or_edr,,STAR,sv3,
39089837545921040,not_in_dr1_or_edr,,STAR,special,
-834569003,not_in_dr1_or_edr,,GALAXY,special,
39089837550141744,not_in_dr1_or_edr,,STAR,special,
39089837550130128,not_in_dr1_or_edr,,STAR,special,
39089837550130120,not_in_dr1_or_edr,,GALAXY,special,
243335100891153,saved,DESI-DR1,GALAXY,sv1,/Volumes/exdisk1/data/DESI/cosmos_galaxy/DESI-243335100891153.fits
39089837395054408,not_in_dr1_or_edr,,STAR,special,
-832568002,not_in_dr1_or_edr,,GALAXY,special,
39089837550138032,not_in_dr1_or_edr,,GALAXY,special,
39627847643436392,not_in_dr1_or_edr,,GALAXY,sv3,
39627847643436536,not_in_dr1_or_edr,,QSO,main,
39089837550116832,not_in_dr1_or_edr,,GALAXY,special,
39089837550115488,not_in_dr1_or_edr,,GALAXY,special,
39627847647625376,not_in_dr1_or_edr,,STAR,sv3,
39089837550118040,not_in_dr1_or_edr,,GALAXY,special,
39089837550109856,not_in_dr1_or_edr,,STAR,special,
39089837550134104,not_in_dr1_or_edr,,GALAXY,special,
39627841607827616,not_in_dr1_or_edr,,STAR,main,
39089837545921264,not_in_dr1_or_edr,,STAR,special,
39089837550134416,not_in_dr1_or_edr,,QSO,special,
39627835563840440,not_in_dr1_or_edr,,GALAXY,sv1,
39627841607827632,not_in_dr1_or_edr,,QSO,sv3,
39627841607827680,not_in_dr1_or_edr,,GALAXY,sv1,
39089837550116576,not_in_dr1_or_edr,,QSO,special,
39627841603639384,saved,DESI-DR1,QSO,sv3,/Volumes/exdisk1/data/DESI/cosmos_quasar/DESI-39627841603639384.fits
39089837550130400,not_in_dr1_or_edr,,GALAXY,special,
39089837545923232,not_in_dr1_or_edr,,STAR,special,
39089837545923216,not_in_dr1_or_edr,,STAR,special,
39089837550212368,not_in_dr1_or_edr,,GALAXY,special,
39089837550138920,not_in_dr1_or_edr,,STAR,special,
39089837550124680,not_in_dr1_or_edr,,GALAXY,special,
234545047666689,saved,DESI-DR1,STAR,sv1,/Volumes/exdisk1/data/DESI/cosmos_star/DESI-234545047666689.fits
39089837545923632,not_in_dr1_or_edr,,STAR,special,
39089837550119848,not_in_dr1_or_edr,,STAR,special,
39089837550131616,not_in_dr1_or_edr,,STAR,special,
39089837550144000,not_in_dr1_or_edr,,GALAXY,special,
39089837545921472,not_in_dr1_or_edr,,STAR,special,
39089837550130944,not_in_dr1_or_edr,,STAR,special,
39089837545923416,not_in_dr1_or_edr,,STAR,special,
39089837545923224,not_in_dr1_or_edr,,STAR,special,
39627835568029992,saved,DESI-DR1,QSO,main,/Volumes/exdisk1/data/DESI/cosmos_quasar/DESI-39627835568029992.fits
39089837545923408,not_in_dr1_or_edr,,STAR,special,
39627835563840728,not_in_dr1_or_edr,,STAR,sv3,
39089837545898960,not_in_dr1_or_edr,,STAR,special,
39627847647625456,not_in_dr1_or_edr,,STAR,main,
39089837499752928,not_in_dr1_or_edr,,QSO,special,
39089837420113944,not_in_dr1_or_edr,,QSO,special,
39089837487164048,not_in_dr1_or_edr,,GALAXY,special,
39627829528232640,not_in_dr1_or_edr,,GALAXY,sv3,
39089837395048256,not_in_dr1_or_edr,,STAR,special,
39627829528232288,not_in_dr1_or_edr,,STAR,sv3,
39089837545920808,not_in_dr1_or_edr,,STAR,special,
39089837545923424,not_in_dr1_or_edr,,STAR,special,
39089837487167072,not_in_dr1_or_edr,,GALAXY,special,
2781007937798144,not_in_dr1_or_edr,,STAR,main,
39089837545923400,not_in_dr1_or_edr,,STAR,special,
39089837420114696,not_in_dr1_or_edr,,QSO,special,
39089837545923240,not_in_dr1_or_edr,,STAR,special,
39089837550128296,not_in_dr1_or_edr,,GALAXY,special,
39089837550128288,not_in_dr1_or_edr,,GALAXY,special,
39089837550126760,not_in_dr1_or_edr,,GALAXY,special,
39627835568030032,saved,DESI-DR1,STAR,main,/Volumes/exdisk1/data/DESI/cosmos_star/DESI-39627835568030032.fits
39089837395056048,not_in_dr1_or_edr,,STAR,special,
39627847647626480,not_in_dr1_or_edr,,QSO,main,
39089837550133608,not_in_dr1_or_edr,,STAR,special,
39089837550115336,not_in_dr1_or_edr,,GALAXY,special,
39089837545923648,not_in_dr1_or_edr,,STAR,special,
39089837550115472,not_in_dr1_or_edr,,GALAXY,special,
39089837550121192,not_in_dr1_or_edr,,GALAXY,special,
39089837550115328,not_in_dr1_or_edr,,GALAXY,special,
39089837550138120,not_in_dr1_or_edr,,STAR,special,
39089837550124856,not_in_dr1_or_edr,,STAR,special,
39089837550124864,not_in_dr1_or_edr,,GALAXY,special,
39089837545923432,not_in_dr1_or_edr,,STAR,special,
39089837395008792,not_in_dr1_or_edr,,GALAXY,special,
39089837420104288,not_in_dr1_or_edr,,QSO,special,
39627847647625744,not_in_dr1_or_edr,,STAR,sv3,
39089837550128616,not_in_dr1_or_edr,,GALAXY,special,
39089837550146784,not_in_dr1_or_edr,,QSO,special,
39089837395056224,not_in_dr1_or_edr,,STAR,special,
39089837550145720,not_in_dr1_or_edr,,STAR,special,
39089837545923248,not_in_dr1_or_edr,,STAR,special,
39627835568030448,saved,DESI-DR1,STAR,sv3,/Volumes/exdisk1/data/DESI/cosmos_star/DESI-39627835568030448.fits
39089837395056112,not_in_dr1_or_edr,,STAR,special,
39089837395056080,not_in_dr1_or_edr,,STAR,special,
39089837395054544,saved,DESI-DR1,STAR,special,/Volumes/exdisk1/data/DESI/cosmos_star/DESI-39089837395054544.fits
39089837550119696,not_in_dr1_or_edr,,STAR,special,
234539007868956,saved,DESI-DR1,GALAXY,sv1,/Volumes/exdisk1/data/DESI/cosmos_galaxy/DESI-234539007868956.fits
39627841607828232,not_in_dr1_or_edr,,STAR,sv3,
39089837424293896,not_in_dr1_or_edr,,GALAXY,special,
39089837550137712,not_in_dr1_or_edr,,STAR,special,
39089837550119456,not_in_dr1_or_edr,,GALAXY,special,
39089837487165136,not_in_dr1_or_edr,,STAR,special,
39089837550132144,not_in_dr1_or_edr,,GALAXY,special,
39089837420114672,not_in_dr1_or_edr,,QSO,special,
39089837550131200,not_in_dr1_or_edr,,STAR,special,
39089837395054560,saved,DESI-DR1,GALAXY,special,/Volumes/exdisk1/data/DESI/cosmos_galaxy/DESI-39089837395054560.fits
39089837550131952,not_in_dr1_or_edr,,STAR,special,
39089837395054456,not_in_dr1_or_edr,,STAR,special,
39627841607828176,not_in_dr1_or_edr,,STAR,sv3,
39089837545923280,not_in_dr1_or_edr,,STAR,special,
39089837545882368,not_in_dr1_or_edr,,QSO,special,
39089837395056248,not_in_dr1_or_edr,,STAR,special,
39089837550144144,not_in_dr1_or_edr,,QSO,special,
39089837545923264,not_in_dr1_or_edr,,STAR,special,
39089837545923256,not_in_dr1_or_edr,,STAR,special,
39627835568030912,not_in_dr1_or_edr,,STAR,sv3,
39089837550127160,not_in_dr1_or_edr,,GALAXY,special,
39089837550132136,not_in_dr1_or_edr,,GALAXY,special,
39089837550128656,not_in_dr1_or_edr,,STAR,special,
39627847647627208,not_in_dr1_or_edr,,GALAXY,sv3,
39089837545923456,not_in_dr1_or_edr,,STAR,special,
39089837545923680,not_in_dr1_or_edr,,STAR,special,
39627847647626712,saved,DESI-DR1,QSO,main,/Volumes/exdisk1/data/DESI/cosmos_quasar/DESI-39627847647626712.fits
39089837545923472,not_in_dr1_or_edr,,STAR,special,
39089837545923480,not_in_dr1_or_edr,,STAR,special,
39089837550110040,not_in_dr1_or_edr,,GALAXY,special,
39089837550140928,not_in_dr1_or_edr,,STAR,special,
39089837550117072,not_in_dr1_or_edr,,STAR,special,
39627835568030672,not_in_dr1_or_edr,,QSO,main,
39089837545923440,not_in_dr1_or_edr,,STAR,special,
39627847647627352,not_in_dr1_or_edr,,GALAXY,sv3,
39089837395008784,not_in_dr1_or_edr,,QSO,special,
39089837550123272,not_in_dr1_or_edr,,GALAXY,special,
39089837395048392,not_in_dr1_or_edr,,STAR,special,
39089837545923064,not_in_dr1_or_edr,,STAR,special,
39089837545923504,not_in_dr1_or_edr,,STAR,special,
39089837550125056,not_in_dr1_or_edr,,GALAXY,special,
39627841607829352,saved,DESI-DR1,GALAXY,sv3,/Volumes/exdisk1/data/DESI/cosmos_galaxy/DESI-39627841607829352.fits
39089837545923448,not_in_dr1_or_edr,,STAR,special,
39089837420114240,not_in_dr1_or_edr,,QSO,special,
39089837395054520,not_in_dr1_or_edr,,QSO,special,
39089837550117552,not_in_dr1_or_edr,,GALAXY,special,
39089837550130208,not_in_dr1_or_edr,,GALAXY,special,
39089837395056368,saved,DESI-DR1,STAR,special,/Volumes/exdisk1/data/DESI/cosmos_star/DESI-39089837395056368.fits
39089837550135648,not_in_dr1_or_edr,,STAR,special,
39089837545885488,not_in_dr1_or_edr,,GALAXY,special,
39089837395056320,not_in_dr1_or_edr,,STAR,special,
39089837550118704,not_in_dr1_or_edr,,GALAXY,special,
39089837550147672,not_in_dr1_or_edr,,STAR,special,
39089837550147664,not_in_dr1_or_edr,,STAR,special,
39089837550118448,not_in_dr1_or_edr,,GALAXY,special,
39089837395054696,saved,DESI-DR1,QSO,special,/Volumes/exdisk1/data/DESI/cosmos_quasar/DESI-39089837395054696.fits
39089837395054656,saved,DESI-DR1,STAR,special,/Volumes/exdisk1/data/DESI/cosmos_star/DESI-39089837395054656.fits
39627841607829472,not_in_dr1_or_edr,,STAR,sv1,
39089837550128256,not_in_dr1_or_edr,,GALAXY,special,
39089837550127104,not_in_dr1_or_edr,,STAR,special,
39089837550130712,not_in_dr1_or_edr,,GALAXY,special,
39627835568032248,saved,DESI-DR1,QSO,main,/Volumes/exdisk1/data/DESI/cosmos_quasar/DESI-39627835568032248.fits
2305843037793688576,not_in_dr1_or_edr,,STAR,main,
39627835568032176,not_in_dr1_or_edr,,STAR,sv3,
39089837550120112,not_in_dr1_or_edr,,QSO,special,
39627835568032008,not_in_dr1_or_edr,,STAR,sv3,
39089837550110424,not_in_dr1_or_edr,,GALAXY,special,
-826419003,not_in_dr1_or_edr,,GALAXY,special,
39089837550128624,not_in_dr1_or_edr,,GALAXY,special,
39089837550112176,not_in_dr1_or_edr,,GALAXY,special,
39089837545923520,not_in_dr1_or_edr,,STAR,special,
39627841607830160,saved,DESI-DR1,STAR,sv3,/Volumes/exdisk1/data/DESI/cosmos_star/DESI-39627841607830160.fits
39627841607829888,not_in_dr1_or_edr,,GALAXY,sv3,
39089837545923488,not_in_dr1_or_edr,,STAR,special,
2305843037793692672,saved,DESI-DR1,STAR,sv3,/Volumes/exdisk1/data/DESI/cosmos_star/DESI-2305843037793692672.fits
39627841607829520,not_in_dr1_or_edr,,GALAXY,sv3,
39089837550144456,not_in_dr1_or_edr,,STAR,special,
39089837550135608,not_in_dr1_or_edr,,GALAXY,special,
39089837550117440,not_in_dr1_or_edr,,STAR,special,
39089837550110064,not_in_dr1_or_edr,,GALAXY,special,
39627841607830656,not_in_dr1_or_edr,,QSO,sv3,
39089837550124664,not_in_dr1_or_edr,,STAR,special,
39627841607830456,not_in_dr1_or_edr,,QSO,sv3,
39089837395054776,saved,DESI-DR1,STAR,special,/Volumes/exdisk1/data/DESI/cosmos_star/DESI-39089837395054776.fits
2305843037793684480,not_in_dr1_or_edr,,STAR,sv3,
39089837550148160,not_in_dr1_or_edr,,QSO,special,
39627841607829984,not_in_dr1_or_edr,,STAR,special,
39089837550128024,not_in_dr1_or_edr,,STAR,special,
39089837420114736,not_in_dr1_or_edr,,GALAXY,special,
39089837550148048,not_in_dr1_or_edr,,GALAXY,special,
39089837550132792,not_in_dr1_or_edr,,GALAXY,special,
39089837395056400,not_in_dr1_or_edr,,STAR,special,
39627835568032288,not_in_dr1_or_edr,,STAR,main,
39089837395056480,not_in_dr1_or_edr,,GALAXY,special,
39089837545923304,not_in_dr1_or_edr,,STAR,special,
39089837550121416,not_in_dr1_or_edr,,STAR,special,
39627835568032856,not_in_dr1_or_edr,,STAR,sv3,
39627841607830728,not_in_dr1_or_edr,,GALAXY,main,
39089837395009024,not_in_dr1_or_edr,,GALAXY,special,
39089837550146456,not_in_dr1_or_edr,,GALAXY,special,
39089837550121152,not_in_dr1_or_edr,,QSO,special,
39089837550121144,not_in_dr1_or_edr,,STAR,special,
39089837545923712,not_in_dr1_or_edr,,STAR,special,
39089837545923320,not_in_dr1_or_edr,,STAR,special,
39089837550131040,not_in_dr1_or_edr,,GALAXY,special,
243329061093402,saved,DESI-DR1,GALAXY,sv1,/Volumes/exdisk1/data/DESI/cosmos_galaxy/DESI-243329061093402.fits
39089837550121408,not_in_dr1_or_edr,,STAR,special,
39627835568032584,not_in_dr1_or_edr,,QSO,main,
2305843037793690624,saved,DESI-DR1,STAR,main,/Volumes/exdisk1/data/DESI/cosmos_star/DESI-2305843037793690624.fits
39089837545923296,not_in_dr1_or_edr,,STAR,special,
39089837545923288,not_in_dr1_or_edr,,STAR,special,
39627829528234216,not_in_dr1_or_edr,,STAR,main,
39089837545881936,not_in_dr1_or_edr,,QSO,special,
39089837550125792,not_in_dr1_or_edr,,STAR,special,
39089837550125784,not_in_dr1_or_edr,,STAR,special,
39089837545923736,not_in_dr1_or_edr,,STAR,special,
39089837550121008,not_in_dr1_or_edr,,STAR,special,
39089837550129304,not_in_dr1_or_edr,,STAR,special,
-166017,not_in_dr1_or_edr,,GALAXY,sv3,
39089837550119824,not_in_dr1_or_edr,,GALAXY,special,
39089837550122584,not_in_dr1_or_edr,,STAR,special,
39089837545923536,not_in_dr1_or_edr,,STAR,special,
39089837395054864,not_in_dr1_or_edr,,STAR,special,
39627841607830872,not_in_dr1_or_edr,,GALAXY,main,
39089837545923512,not_in_dr1_or_edr,,STAR,special,
39089837395054784,not_in_dr1_or_edr,,STAR,special,
39089837550129776,not_in_dr1_or_edr,,STAR,special,
39089837545923776,not_in_dr1_or_edr,,STAR,special,
39089837395009240,not_in_dr1_or_edr,,STAR,special,
39089837550211136,not_in_dr1_or_edr,,GALAXY,special,
39089837395009224,not_in_dr1_or_edr,,QSO,special,
39089837550129472,not_in_dr1_or_edr,,GALAXY,special,
39089837545923768,not_in_dr1_or_edr,,STAR,special,
39089837545923760,not_in_dr1_or_edr,,GALAXY,special,
39089837545923744,not_in_dr1_or_edr,,STAR,special,
39089837550129176,not_in_dr1_or_edr,,GALAXY,special,
39627847647628160,not_in_dr1_or_edr,,GALAXY,sv3,
39627847647628112,not_in_dr1_or_edr,,STAR,sv3,
39089837550127984,not_in_dr1_or_edr,,STAR,special,
39089837499754432,not_in_dr1_or_edr,,GALAXY,special,
39089837550216928,not_in_dr1_or_edr,,GALAXY,special,
39089837550139976,not_in_dr1_or_edr,,GALAXY,special,
39089837550139968,not_in_dr1_or_edr,,QSO,special,
39089837550129184,not_in_dr1_or_edr,,STAR,special,
39627835568032872,not_in_dr1_or_edr,,QSO,main,
39089837550127616,not_in_dr1_or_edr,,GALAXY,special,
39089837550123280,not_in_dr1_or_edr,,GALAXY,special,
39627841607830992,not_in_dr1_or_edr,,STAR,sv3,
39089837395054856,saved,DESI-DR1,STAR,special,/Volumes/exdisk1/data/DESI/cosmos_star/DESI-39089837395054856.fits
39089837550212928,not_in_dr1_or_edr,,GALAXY,special,
39089837550133624,not_in_dr1_or_edr,,GALAXY,special,
39627835568033160,not_in_dr1_or_edr,,STAR,sv3,
39089837550120840,not_in_dr1_or_edr,,GALAXY,special,
39627835568033440,saved,DESI-DR1,STAR,sv3,/Volumes/exdisk1/data/DESI/cosmos_star/DESI-39627835568033440.fits
39627841607831440,not_in_dr1_or_edr,,QSO,sv1,
39089837550132912,not_in_dr1_or_edr,,QSO,special,
39089837395054896,saved,DESI-DR1,STAR,special,/Volumes/exdisk1/data/DESI/cosmos_star/DESI-39089837395054896.fits
39089837550135240,not_in_dr1_or_edr,,STAR,special,
39089837395054904,saved,DESI-DR1,GALAXY,special,/Volumes/exdisk1/data/DESI/cosmos_galaxy/DESI-39089837395054904.fits
39089837550111952,not_in_dr1_or_edr,,GALAXY,special,
39089837545923528,not_in_dr1_or_edr,,STAR,special,
39627835568033704,not_in_dr1_or_edr,,STAR,sv3,
39089837545923344,not_in_dr1_or_edr,,STAR,special,
39089837545923328,not_in_dr1_or_edr,,STAR,special,
39089837499758952,not_in_dr1_or_edr,,GALAXY,special,
39089837550128896,not_in_dr1_or_edr,,GALAXY,special,
39089837545882400,not_in_dr1_or_edr,,QSO,special,
39627841607831584,not_in_dr1_or_edr,,GALAXY,sv3,
39089837545923544,not_in_dr1_or_edr,,STAR,special,
39089837550110736,not_in_dr1_or_edr,,QSO,special,
39089837545923376,not_in_dr1_or_edr,,STAR,special,
39089837499767936,not_in_dr1_or_edr,,GALAXY,special,
39089837550141352,not_in_dr1_or_edr,,STAR,special,
39089837395056776,saved,DESI-DR1,STAR,special,/Volumes/exdisk1/data/DESI/cosmos_star/DESI-39089837395056776.fits
39627835568033872,not_in_dr1_or_edr,,STAR,sv1,
39089837550141344,not_in_dr1_or_edr,,GALAXY,special,
39089837550117920,not_in_dr1_or_edr,,GALAXY,special,
39627841607831664,not_in_dr1_or_edr,,STAR,sv3,
39089837550117904,not_in_dr1_or_edr,,GALAXY,special,
39089837550137808,not_in_dr1_or_edr,,GALAXY,special,
39089837550131232,not_in_dr1_or_edr,,QSO,special,
39089837550125816,not_in_dr1_or_edr,,STAR,special,
39089837395009216,not_in_dr1_or_edr,,GALAXY,special,
39089837550133872,not_in_dr1_or_edr,,GALAXY,special,
39089837420114384,not_in_dr1_or_edr,,QSO,special,
39089837550136112,not_in_dr1_or_edr,,STAR,special,
39627841607832168,not_in_dr1_or_edr,,GALAXY,sv3,
39089837545923568,not_in_dr1_or_edr,,STAR,special,
39089837395055000,not_in_dr1_or_edr,,GALAXY,special,
39627841607831744,not_in_dr1_or_edr,,STAR,special,
39089837550146488,not_in_dr1_or_edr,,QSO,special,
39089837550135616,not_in_dr1_or_edr,,STAR,special,
39089837550144952,not_in_dr1_or_edr,,STAR,special,
39089837395009400,saved,DESI-DR1,STAR,special,/Volumes/exdisk1/data/DESI/cosmos_star/DESI-39089837395009400.fits
39089837545923592,not_in_dr1_or_edr,,STAR,special,
39627841607832488,not_in_dr1_or_edr,,STAR,sv3,
39089837550135424,not_in_dr1_or_edr,,STAR,special,
39089837395055072,not_in_dr1_or_edr,,GALAXY,special,
39089837550123296,not_in_dr1_or_edr,,STAR,special,
39089837550114768,not_in_dr1_or_edr,,GALAXY,special,
39089837550135440,not_in_dr1_or_edr,,GALAXY,special,
39627841607832496,not_in_dr1_or_edr,,QSO,sv3,
39089837487167048,not_in_dr1_or_edr,,QSO,special,
39089837550121936,not_in_dr1_or_edr,,STAR,special,
39089837545923608,not_in_dr1_or_edr,,STAR,special,
39089837395055168,not_in_dr1_or_edr,,GALAXY,special,
39089837545923584,not_in_dr1_or_edr,,STAR,special,
-826377031,not_in_dr1_or_edr,,GALAXY,special,
39627841607832208,not_in_dr1_or_edr,,GALAXY,sv1,
39089837395055248,not_in_dr1_or_edr,,GALAXY,special,
39089837545923616,not_in_dr1_or_edr,,STAR,special,
39627841607833240,not_in_dr1_or_edr,,STAR,main,
39089837545923600,not_in_dr1_or_edr,,STAR,special,
39089837550110800,not_in_dr1_or_edr,,GALAXY,special,
39089837395055080,not_in_dr1_or_edr,,GALAXY,special,
39627841607832304,not_in_dr1_or_edr,,STAR,sv3,
39089837550136896,not_in_dr1_or_edr,,STAR,special,
39627847647630848,not_in_dr1_or_edr,,STAR,sv3,
39089837420104472,not_in_dr1_or_edr,,GALAXY,special,
39627847647630752,not_in_dr1_or_edr,,GALAXY,sv3,
39627847647630728,not_in_dr1_or_edr,,GALAXY,sv1,
39627847647630592,not_in_dr1_or_edr,,STAR,special,
39627841607832992,not_in_dr1_or_edr,,STAR,sv3,
39089837499752976,not_in_dr1_or_edr,,QSO,special,
39089837550136536,not_in_dr1_or_edr,,GALAXY,special,
39089837550115408,not_in_dr1_or_edr,,GALAXY,special,
39089837550125776,not_in_dr1_or_edr,,STAR,special,
39627841607833088,not_in_dr1_or_edr,,QSO,main,
39089837395055256,not_in_dr1_or_edr,,STAR,special,
39627841607833536,not_in_dr1_or_edr,,GALAXY,main,
39627841607833224,not_in_dr1_or_edr,,STAR,sv1,
39627841612022344,not_in_dr1_or_edr,,QSO,sv1,
39089837545927224,not_in_dr1_or_edr,,STAR,special,
39089837545927240,not_in_dr1_or_edr,,STAR,special,
39089837545927232,not_in_dr1_or_edr,,STAR,special,
39089837550132080,not_in_dr1_or_edr,,STAR,special,
39089837545927216,not_in_dr1_or_edr,,STAR,special,
39089837550118584,not_in_dr1_or_edr,,GALAXY,special,
39089837550118224,not_in_dr1_or_edr,,STAR,special,
39627847651820648,not_in_dr1_or_edr,,STAR,sv3,
39627847651820600,not_in_dr1_or_edr,,STAR,sv3,
39089837550118208,not_in_dr1_or_edr,,GALAXY,special,
39089837395040632,not_in_dr1_or_edr,,STAR,special,
39089837550140744,not_in_dr1_or_edr,,GALAXY,special,
39089837550112656,not_in_dr1_or_edr,,QSO,special,
39089837550112664,not_in_dr1_or_edr,,STAR,special,
39089837545927496,not_in_dr1_or_edr,,GALAXY,special,
39627847651820544,not_in_dr1_or_edr,,STAR,sv3,
39089837550140752,not_in_dr1_or_edr,,STAR,special,
39089837550120360,not_in_dr1_or_edr,,GALAXY,special,
39089837390694808,saved,DESI-DR1,GALAXY,special,/Volumes/exdisk1/data/DESI/cosmos_galaxy/DESI-39089837390694808.fits
39089837487165176,not_in_dr1_or_edr,,GALAXY,special,
39089837487165080,not_in_dr1_or_edr,,GALAXY,special,
39089837550222064,not_in_dr1_or_edr,,GALAXY,special,
39089837499789032,not_in_dr1_or_edr,,GALAXY,special,
-230771286,not_in_dr1_or_edr,,GALAXY,main,
616088587863065856,not_in_dr1_or_edr,,GALAXY,sv3,
39089837550094672,not_in_dr1_or_edr,,GALAXY,special,
39089837550078008,not_in_dr1_or_edr,,GALAXY,special,
39089837390695328,not_in_dr1_or_edr,,GALAXY,special,
39089837550095816,not_in_dr1_or_edr,,GALAXY,special,
39089837545881752,not_in_dr1_or_edr,,QSO,special,
39089837550216704,not_in_dr1_or_edr,,GALAXY,special,
39089837499749944,not_in_dr1_or_edr,,GALAXY,special,
616088587863064960,not_in_dr1_or_edr,,GALAXY,sv3,
-826361018,not_in_dr1_or_edr,,GALAXY,special,
39089837499751808,not_in_dr1_or_edr,,GALAXY,special,
616088605982458112,not_in_dr1_or_edr,,GALAXY,sv1,
39089837545882240,not_in_dr1_or_edr,,GALAXY,special,
39089837487165672,not_in_dr1_or_edr,,GALAXY,special,
39089837499744928,not_in_dr1_or_edr,,QSO,special,
39089837499745720,not_in_dr1_or_edr,,GALAXY,special,
142180022747152,saved,DESI-DR1,GALAXY,sv1,/Volumes/exdisk1/data/DESI/cosmos_galaxy/DESI-142180022747152.fits
39089837499745408,not_in_dr1_or_edr,,GALAXY,special,
39089837390695440,not_in_dr1_or_edr,,GALAXY,special,
39089837487166088,not_in_dr1_or_edr,,GALAXY,special,
39089837499744272,not_in_dr1_or_edr,,QSO,special,
39089837487166784,not_in_dr1_or_edr,,GALAXY,special,
39089837550079440,not_in_dr1_or_edr,,GALAXY,special,
39089837390696232,not_in_dr1_or_edr,,GALAXY,special,
39089837545882296,not_in_dr1_or_edr,,GALAXY,special,
-832709002,not_in_dr1_or_edr,,GALAXY,special,
39089837390696152,not_in_dr1_or_edr,,GALAXY,special,
39089837499746216,not_in_dr1_or_edr,,QSO,special,
39089837550117840,not_in_dr1_or_edr,,GALAXY,special,
39089837390696248,not_in_dr1_or_edr,,GALAXY,special,
243341136494658,saved,DESI-DR1,GALAXY,sv1,/Volumes/exdisk1/data/DESI/cosmos_galaxy/DESI-243341136494658.fits
39089837499750232,not_in_dr1_or_edr,,GALAXY,special,
39089837499745960,not_in_dr1_or_edr,,GALAXY,special,
-832899003,not_in_dr1_or_edr,,GALAXY,special,
39089837545881840,not_in_dr1_or_edr,,QSO,special,
39089837499745312,not_in_dr1_or_edr,,GALAXY,special,
39089837550123392,not_in_dr1_or_edr,,GALAXY,special,
39089837545882312,not_in_dr1_or_edr,,GALAXY,special,
-196003,not_in_dr1_or_edr,,GALAXY,sv3,
39089837499746080,not_in_dr1_or_edr,,QSO,special,
39089837550130760,not_in_dr1_or_edr,,GALAXY,special,
39089837499746248,not_in_dr1_or_edr,,GALAXY,special,
616088593907057792,not_in_dr1_or_edr,,GALAXY,special,
39089837487166520,not_in_dr1_or_edr,,GALAXY,special,
39627841603639392,saved,DESI-DR1,GALAXY,main,/Volumes/exdisk1/data/DESI/cosmos_galaxy/DESI-39627841603639392.fits
39089837487165688,not_in_dr1_or_edr,,GALAXY,special,
39089837545885368,not_in_dr1_or_edr,,GALAXY,special,
-834538010,not_in_dr1_or_edr,,GALAXY,special,
39089837487166928,not_in_dr1_or_edr,,GALAXY,special,
-826377008,not_in_dr1_or_edr,,GALAXY,special,
39089837545881888,not_in_dr1_or_edr,,QSO,special,
39089837545881904,not_in_dr1_or_edr,,QSO,special,
234532968071175,saved,DESI-DR1,GALAXY,sv1,/Volumes/exdisk1/data/DESI/cosmos_galaxy/DESI-234532968071175.fits
39089837545923272,not_in_dr1_or_edr,,STAR,special,
-834599005,not_in_dr1_or_edr,,GALAXY,special,
39089837545887896,not_in_dr1_or_edr,,GALAXY,special,
39089837487165440,not_in_dr1_or_edr,,GALAXY,special,
39089837550132600,not_in_dr1_or_edr,,GALAXY,special,
39089837487166200,not_in_dr1_or_edr,,GALAXY,special,
-833067031,not_in_dr1_or_edr,,GALAXY,special,
-833169006,not_in_dr1_or_edr,,GALAXY,special,
39089837487167184,not_in_dr1_or_edr,,GALAXY,special,
-834418010,not_in_dr1_or_edr,,GALAXY,special,
39089837550135480,not_in_dr1_or_edr,,GALAXY,special,
39089837487166336,not_in_dr1_or_edr,,GALAXY,special,
-157034,not_in_dr1_or_edr,,GALAXY,sv3,
616088593911251072,not_in_dr1_or_edr,,GALAXY,sv3,
-834668010,not_in_dr1_or_edr,,GALAXY,special,
39089837390696712,not_in_dr1_or_edr,,GALAXY,special,
-834627008,not_in_dr1_or_edr,,GALAXY,special,
39089837499749960,not_in_dr1_or_edr,,GALAXY,special,
39089837487165592,not_in_dr1_or_edr,,QSO,special,
39089837394899568,not_in_dr1_or_edr,,STAR,special,
39089837499750240,not_in_dr1_or_edr,,GALAXY,special,
39089837550130360,not_in_dr1_or_edr,,GALAXY,special,
39627835559643424,not_in_dr1_or_edr,,GALAXY,sv3,
39089837550095648,not_in_dr1_or_edr,,GALAXY,special,
