euclid_id,ra_ref,dec_ref,n_epochs,pm_ra_mas_yr,pm_dec_mas_yr,pm_ra_err,pm_dec_err,pm_tot_mas_yr,sharp_F115W,mag_F115W,mag_F814W,mag_VIS
VIS_101547137_2034626,150.33381358630842,2.7636122222194954,2,-83.78057008370426,48.65509340662519,2.761622978017693,2.761622978017693,96.88396171688018,0.73025405,,,1.6926117
VIS_101545698_1584727,150.4548265683401,2.496413367081516,2,82.20300305502583,48.924627819711404,2.761622978017693,2.761622978017693,95.66061320398205,0.67124224,,,1.0248754
VIS_101545697_1554756,150.01377938345158,2.5492781430119544,3,-93.2685016986231,14.429531795408947,1.2931768551410134,1.2931768551410134,94.37809489993309,0.6796779,-1.7532072,,1.2098005
VIS_101545697_1559422,150.1659586565138,2.5833454669498477,2,17.890329207417818,91.82995894420822,2.761622978017693,2.761622978017693,93.55642810007635,0.63868576,,,1.7196966
VIS_101545694_1402737,149.4684453692365,2.3593729642638817,2,74.37860023503657,54.33959705784398,2.761622978017693,2.761622978017693,92.11388593112457,0.61100465,,,1.3609339
VIS_101539937_0243034,150.0176587724775,1.6015191557331392,2,85.58346294471981,-33.3566883881804,2.761622978017693,2.761622978017693,91.85422031587007,0.6981727,,,-2.9448042
VIS_101541379_0577984,150.62406015932353,1.8247229456238836,2,-87.69390239105238,27.05565911969534,2.761622978017693,2.761622978017693,91.77270404086705,0.7399517,,,0.6782529
VIS_101542818_0908077,150.34649665434836,2.000336674991688,2,-79.1007176250212,-46.04324053242036,2.761622978017693,2.761622978017693,91.52542557956043,0.7005367,,,0.71296525
VIS_101544260_1384394,150.76592804074568,2.3392815927230406,2,56.20774700467253,71.31505875672849,2.761622978017693,2.761622978017693,90.80279967499301,0.6600163,,,1.3729869
VIS_101544258_1258510,150.28775729216457,2.230273784292624,3,-44.11372359242925,-78.65090250323475,1.2931768551410134,1.2931768551410134,90.17751978050066,0.6076625,-1.1756326,,1.6837072
VIS_101544256_1157831,149.93723812187983,2.298878332148053,3,48.43010283363678,74.82350277601064,1.2931768551410134,1.2931768551410134,89.12929612730208,0.5939783,-2.1852343,,1.7581825
VIS_101544257_1192589,150.1392775002774,2.1395037896196523,2,17.287314770954325,-86.85258805706682,2.761622978017693,2.761622978017693,88.55632842547506,0.7143287,,,1.6340266
VIS_101545698_1569340,150.28374393017435,2.3740349085525305,2,-2.7964191089443906,87.66886587434458,2.761622978017693,2.761622978017693,87.71345394822102,0.6104537,,0.41043764,0.6921246
VIS_101542817_0844527,149.9587917929009,2.051993696373487,3,73.78859176820667,-46.8113933937364,1.2931768551410134,1.2931768551410134,87.38456858392222,0.66308343,-1.7473983,0.579272,0.46474433
VIS_101545698_1580045,150.2923698656495,2.45836512394451,2,72.81610234151317,44.518422798025014,2.761622978017693,2.761622978017693,85.34679096857381,0.6581853,,,0.34576213
VIS_101545698_1584664,150.453082602724,2.495928580266258,2,-51.37616769395927,-68.12378248308885,2.761622978017693,2.761622978017693,85.32502766903171,0.65698254,,,-1.4975959
VIS_101541379_0563301,150.4933574346562,1.7017017494202238,2,-85.09599430831322,2.5009317230074437,2.761622978017693,2.761622978017693,85.13273698644736,0.6059361,,,0.86602
VIS_101539936_0190589,149.91518757647648,1.619501033520311,2,-49.55232014610416,-66.99500932035434,2.761622978017693,2.761622978017693,83.32924880074442,0.71400374,,,0.20771024
VIS_101545694_1402760,149.46641626881748,2.359483888249318,2,-58.693775404533106,-58.75148315999796,2.761622978017693,2.761622978017693,83.0463487742676,0.7197636,,,-0.44980472
VIS_101545697_1553427,150.02651333352694,2.5387985693042268,2,-81.54607783964846,2.0142641855176606,2.761622978017693,2.761622978017693,81.5709511483044,0.69457346,,,-0.3792949
VIS_101545698_1600521,150.24453858497827,2.6210374570599746,2,-79.17981074439028,-18.634402979682374,2.761622978017693,2.761622978017693,81.34299849358061,0.6226751,,,-0.20907165
VIS_101541379_0555927,150.4539174607442,1.6335720693912201,2,26.084337267071756,-76.38697654886232,2.761622978017693,2.761622978017693,80.71779752284368,0.65722156,,,0.22473443
VIS_101548573_2224523,149.7803401835371,2.8874715715336308,2,-55.8396465031416,56.48719135749052,2.761622978017693,2.761622978017693,79.42838855883686,0.6291478,,,0.8747113
VIS_101548576_2413176,150.37046620836267,2.8835400774571083,2,-78.9624818162185,7.728789052198802,2.761622978017693,2.761622978017693,79.33982426745112,0.71898127,,,0.87033975
VIS_101539937_0242019,150.059490645487,1.593478078425621,2,-77.49981143150598,-16.25485756362966,2.761622978017693,2.761622978017693,79.18611725759051,0.67392987,,,0.5034591
VIS_101542820_1010959,150.77239191958074,2.056850091691975,2,60.78363715281741,50.13419481109881,2.761622978017693,2.761622978017693,78.79142107414089,0.74463886,,,-2.1038156
VIS_101541379_0584137,150.53465179239956,1.8711409324394876,2,75.92786718161638,-6.639197708484364,2.761622978017693,2.761622978017693,76.21758301705403,0.6214127,,2.5998962,1.3138717
VIS_101541378_0548807,150.35689973622348,1.8572904839212105,3,-0.9414487627496295,-76.03517610623523,1.2931768551410134,1.2931768551410134,76.04100427584507,0.5451309,-7.7311935,,-5.4317813
VIS_101545700_1721709,150.73527029689103,2.5222633893646695,2,-70.52322307470251,-27.319626550911178,2.761622978017693,2.761622978017693,75.62993446860511,0.64834523,,0.9015181,-0.2888344
VIS_101544260_1346544,150.74969259511874,2.229234842900516,2,66.77598531854132,-34.97584781453177,2.761622978017693,2.761622978017693,75.38131164690179,0.60984975,,,0.594509
VIS_101539937_0243053,150.14798211228427,1.6016064119316633,2,-40.39746385757945,62.869593788378715,2.761622978017693,2.761622978017693,74.72978595740915,0.74739254,,-2.273932,-0.6484843
VIS_101541376_0490417,149.77429125647555,1.625644526902551,2,36.07284524176372,64.55983264937579,2.761622978017693,2.761622978017693,73.95418957403052,0.7200483,,0.24941874,0.78064287
VIS_101544256_1163405,149.7883610461776,2.3274751845810004,2,-12.094016911133574,71.31117053758699,2.761622978017693,2.761622978017693,72.32944274973781,0.64052856,,,-2.9065099
VIS_101541376_0508341,149.7388721262232,1.7484469326122716,2,70.84598859635132,10.223645832851954,2.761622978017693,2.761622978017693,71.57986472682057,0.6703768,,2.8861415,1.618829
VIS_101542820_1005706,150.76803375033612,2.0400280610803367,2,-13.15307186741728,-69.4399672111464,2.761622978017693,2.761622978017693,70.67469381493301,0.67000467,,,0.2371903
VIS_101541375_0454810,149.45440106786617,1.6744757007330218,2,-65.5023943989468,-22.24645959562494,2.761622978017693,2.761622978017693,69.17708172895811,0.6643582,,,1.6649702
VIS_101541376_0500009,149.94219587189534,1.6925295751129938,2,-40.80499492883972,-55.55576713690807,2.761622978017693,2.761622978017693,68.93105884369534,0.70138323,,,-0.14417599
VIS_101541375_0450750,149.52623879214983,1.645680897312765,2,-54.69615116381707,40.773569811546594,2.761622978017693,2.761622978017693,68.2213525760974,0.7260711,,,-3.6871629
VIS_101545696_1488219,149.9193343220656,2.520763592211682,2,8.825113303003878,-67.63578198252578,2.761622978017693,2.761622978017693,68.20910224595113,0.59026694,,,1.970114
VIS_101539938_0287640,150.32145815011742,1.6190209449112891,2,36.064837156912986,-56.47875270070169,2.761622978017693,2.761622978017693,67.01135714027637,0.7230663,,,-4.3544264
VIS_101547136_1902210,150.19743843754375,2.6588665295828013,2,-63.5978834967332,-19.772729519337197,2.761622978017693,2.761622978017693,66.60068781858728,0.64723456,,,-1.2034603
VIS_101545697_1561107,150.16271066337518,2.5956351347685325,3,-37.69914890873777,-52.949248879341454,1.2931768551410134,1.2931768551410134,64.99883679981994,0.71244085,-6.786005,,-2.4314795
VIS_101547136_1905539,150.22322984706727,2.6902137717103387,2,63.81362119282318,-11.221952677222296,2.761622978017693,2.761622978017693,64.79282731623114,0.6665624,,,-0.096401356
VIS_101544257_1211235,150.14093551253674,2.260870481196143,3,12.86181230602831,-62.88859006359679,1.2931768551410134,1.2931768551410134,64.1903495549185,0.7270907,,,-6.258797
VIS_101544259_1301535,150.51754612579083,2.339844402502771,3,0.6449358030828685,63.89478734611308,1.2931768551410134,1.2931768551410134,63.898042162456825,0.6867193,-2.5208113,,0.60966015
VIS_101545696_1509774,149.925641440176,2.5740402926257113,2,-6.967960202695627,-62.769955600463,2.761622978017693,2.761622978017693,63.15552070461019,0.71371645,,,-4.2494855
VIS_101547135_1814877,149.83483502615937,2.719304968922238,2,46.59638545249389,41.709826842342494,2.761622978017693,2.761622978017693,62.537451118954145,0.61765975,,,1.4512544
VIS_101545698_1585938,150.2631344518343,2.505250829025388,2,60.14399490444573,15.369247968002654,2.761622978017693,2.761622978017693,62.07667763474417,0.6252686,,,-0.0783412
VIS_101541378_0537414,150.3218802362307,1.8091781551045607,3,13.623701004430705,-59.16831327835798,1.2931768551410134,1.2931768551410134,60.7165094950627,0.6408946,-2.2293434,,0.6346505
VIS_101542820_1035072,150.73142451469485,2.136406215929095,2,29.753372599900892,51.85982431852992,2.761622978017693,2.761622978017693,59.7888330661949,0.67589045,,,1.8660574
