found_in,star_id,ra,dec,mag,peak,snr,tile,missing_jwst,missing_hst,in_jwst_fp,in_hst_fp,missing_euclid,in_euclid_fp,in_jwst_pix,in_hst_pix,real_orphan
Euclid VIS,VIS_101544257_1211744,150.20952532448902,2.264577849625562,-8.613310813903809,565.6730346679688,453555.21875,101544257,True,True,True,True,False,False,True,True,True
Euclid VIS,VIS_101539939_0349861,150.4647432854024,1.525561270650063,-8.924181938171387,627.3153076171875,395954.65625,101539939,False,True,False,True,False,False,False,True,True
Euclid VIS,VIS_101541375_0484427,149.41857902291267,1.8725928596130788,-8.750205039978027,500.667236328125,390205.59375,101541375,False,True,False,True,False,False,False,True,True
Euclid VIS,VIS_101539937_0238299,150.16613437237746,1.5608156235490727,-9.181644439697266,607.9632568359375,384355.375,101539937,False,True,False,True,False,False,False,True,True
Euclid VIS,VIS_101539938_0281129,150.32361898374913,1.5788301179920616,-8.647786140441895,467.5721740722656,381397.625,101539938,False,True,False,True,False,False,False,True,True
Euclid VIS,VIS_101548573_2229336,149.68788189553774,2.9144624982175467,-8.768238067626953,554.1041259765625,381046.59375,101548573,False,True,False,True,False,False,False,True,True
Euclid VIS,VIS_101539938_0264063,150.37042008693146,1.4714076037840498,-8.565261840820312,452.6835021972656,369252.96875,101539938,False,True,False,True,False,False,False,True,True
Euclid VIS,VIS_101539938_0289734,150.1686030294005,1.6311927326597155,-8.356416702270508,443.6123352050781,361853.625,101539938,False,True,False,True,False,False,False,True,True
Euclid VIS,VIS_101541376_0487728,149.89193408068684,1.6098629620669984,-8.398616790771484,412.95111083984375,359094.5,101541376,False,True,False,True,False,False,False,True,True
Euclid VIS,VIS_101544258_1262785,150.20952336722385,2.264577920732894,-8.593932151794434,496.2463684082031,356995.875,101544258,False,True,True,True,False,False,True,True,True
Euclid VIS,VIS_101539939_0356461,150.6765882388368,1.5846023635310047,-8.930692672729492,563.0848388671875,355413.0625,101539939,False,True,False,True,False,False,False,True,True
Euclid VIS,VIS_101539939_0350358,150.53552617011542,1.5303362872921948,-8.92066478729248,562.1324462890625,354811.9375,101539939,False,True,False,True,False,False,False,True,True
Euclid VIS,VIS_101539938_0279693,150.27402246882448,1.570058430940177,-8.464700698852539,432.97088623046875,353173.40625,101539938,False,True,False,True,False,False,False,True,True
Euclid VIS,VIS_101539936_0186231,149.64441302162368,1.5808885513980127,-8.959115982055664,574.4356689453125,347810.625,101539936,False,True,False,True,False,False,False,True,True
Euclid VIS,VIS_101539939_0352963,150.53375732941277,1.5531906982282486,-9.762453079223633,534.5365600585938,337393.6875,101539939,False,True,False,True,False,False,False,True,True
Euclid VIS,VIS_101539937_0241178,150.04132018620584,1.5858930622654215,-8.69808292388916,532.6817016601562,336762.25,101539937,False,True,False,True,False,False,False,True,True
Euclid VIS,VIS_101548573_2230627,149.5619867763242,2.9211846612569645,-8.663702011108398,487.2051086425781,335041.4375,101548573,False,True,False,True,False,False,False,True,True
Euclid VIS,VIS_101539935_0137004,149.6351425334539,1.5693180328455258,-9.009086608886719,590.9686889648438,333372.71875,101539935,False,True,False,True,False,False,False,True,True
Euclid VIS,VIS_101545700_1714036,150.88619804902532,2.5039283161749424,-8.855192184448242,567.5384521484375,331385.96875,101545700,False,True,False,True,False,False,False,True,True
Euclid VIS,VIS_101541379_0554214,150.66788248372512,1.6186480216610921,-8.628557205200195,485.9891052246094,326091.4375,101541379,False,True,False,True,False,False,False,True,True
Euclid VIS,VIS_101539935_0138090,149.64441716295497,1.5808884667643035,-8.957393646240234,574.693603515625,324191.75,101539935,False,True,False,True,False,False,False,True,True
Euclid VIS,VIS_101545700_1663691,150.84325639658286,2.389179022130451,-8.871334075927734,554.2482299804688,323625.78125,101545700,False,True,False,True,False,False,False,True,True
Euclid VIS,VIS_101547139_2161879,150.80918724273843,2.7912964869211727,-8.88548469543457,621.0067749023438,322964.90625,101547139,False,True,False,True,False,False,False,True,True
Euclid VIS,VIS_101539936_0188954,149.68558614913977,1.604771715836471,-8.618999481201172,529.414794921875,320551.28125,101539936,False,True,False,True,False,False,False,True,True
Euclid VIS,VIS_101548573_2224107,149.66628609467878,2.884084514568951,-8.499664306640625,463.7012634277344,318878.3125,101548573,False,True,False,True,False,False,False,True,True
Euclid VIS,VIS_101545700_1754301,150.830614366645,2.591475141540843,-8.747642517089844,536.1267700195312,313044.65625,101545700,False,True,False,True,False,False,False,True,True
Euclid VIS,VIS_101539937_0240086,150.0057004566332,1.5766365383569927,-8.56059741973877,493.6659851074219,312096.46875,101539937,False,True,False,True,False,False,False,True,True
Euclid VIS,VIS_101547139_2160390,150.84547931079885,2.776054602638864,-9.029607772827148,597.5751953125,310778.9375,101547139,False,True,False,True,False,False,False,True,True
Euclid VIS,VIS_101539937_0241189,149.9392523201864,1.5859877067114239,-8.770159721374512,480.3359680175781,303669.1875,101539937,False,True,False,True,False,False,False,True,True
Euclid VIS,VIS_101548573_2240506,149.76167929557076,2.956148787357805,-8.377335548400879,439.1171875,301972.3125,101548573,False,True,False,True,False,False,False,True,True
Euclid VIS,VIS_101548576_2417415,150.30818912689594,2.9249432133496414,-9.02091121673584,563.0963134765625,301097.9375,101548576,False,True,False,True,False,False,False,True,True
Euclid VIS,VIS_101542814_0666934,149.44185853932547,1.9328968547658456,-8.832420349121094,557.1077270507812,299205.8125,101542814,False,True,False,True,False,False,False,True,True
Euclid VIS,VIS_101539937_0232609,150.1104403529061,1.512399267169492,-8.575410842895508,472.84259033203125,298931.875,101539937,False,True,False,True,False,False,False,True,True
Euclid VIS,VIS_101539938_0273830,150.2188066761627,1.532760682608295,-8.344072341918945,365.8466796875,298420.34375,101539938,False,True,False,True,False,False,False,True,True
Euclid VIS,VIS_101539938_0278652,150.23802589598338,1.5636729067840947,-8.195687294006348,364.144775390625,297032.125,101539938,False,True,False,True,False,False,False,True,True
Euclid VIS,VIS_101539936_0186509,149.88509003471006,1.5834466402849443,-8.850401878356934,487.3038024902344,295053.84375,101539936,False,True,False,True,False,False,False,True,True
Euclid VIS,VIS_101541375_0453079,149.42924326619206,1.662115131476838,-8.406001091003418,375.45611572265625,292619.65625,101541375,False,True,False,True,False,False,False,True,True
Euclid VIS,VIS_101547139_2161463,150.88692881159426,2.7866336566063596,-8.710026741027832,557.9210815429688,290156.15625,101547139,False,True,False,True,False,False,False,True,True
Euclid VIS,VIS_101542820_0996988,150.76722897592614,2.008948885122197,-8.768144607543945,585.1461181640625,289694.3125,101542820,False,True,False,True,False,False,False,True,True
Euclid VIS,VIS_101539936_0187261,149.70337725403584,1.5897482073072422,-8.573653221130371,475.5660095214844,287946.8125,101539936,False,True,False,True,False,False,False,True,True
Euclid VIS,VIS_101539939_0356516,150.54942062364853,1.5850309666395566,-8.4927978515625,455.0895690917969,287247.625,101539939,False,True,False,True,False,False,False,True,True
Euclid VIS,VIS_101539938_0264935,150.18190482837238,1.476886383440954,-8.16707992553711,351.11529541015625,286404.0,101539938,False,True,False,True,False,False,False,True,True
Euclid VIS,VIS_101542820_0993336,150.7683659802154,1.9958401217768014,-8.874105453491211,577.4617309570312,285889.9375,101542820,False,True,False,True,False,False,False,True,True
Euclid VIS,VIS_101539936_0180949,149.725076068829,1.5329383899127669,-8.363762855529785,470.3218078613281,284771.53125,101539936,False,True,False,True,False,False,False,True,True
Euclid VIS,VIS_101548575_2328671,150.30818840501917,2.924943927736843,-9.039722442626953,541.5889892578125,283042.0625,101548575,False,True,False,True,False,False,False,True,True
Euclid VIS,VIS_101544260_1348859,150.87162316585145,2.2367865645664886,-8.963939666748047,554.50390625,280439.875,101544260,False,True,False,True,False,False,False,True,True
Euclid VIS,VIS_101542814_0652270,149.4185730145248,1.8725920810596994,-8.769190788269043,521.5783081054688,280124.03125,101542814,False,True,False,True,False,False,False,True,True
Euclid VIS,VIS_101542814_0682263,149.41054093064423,2.0022902205147224,-8.676977157592773,520.0382080078125,279296.875,101542814,False,True,False,True,False,False,False,True,True
Euclid VIS,VIS_101539937_0236175,150.04081155000654,1.5428317594411984,-8.404772758483887,439.79217529296875,278037.34375,101539937,False,True,False,True,False,False,False,True,True
Euclid VIS,VIS_101548575_2329836,150.1944449326239,2.9373920370980735,-8.595274925231934,531.0302124023438,277523.90625,101548575,False,True,False,True,False,False,False,True,True
Euclid VIS,VIS_101548573_2222756,149.5898871770954,2.8746329536093835,-8.423906326293945,398.28729248046875,273894.40625,101548573,False,True,False,True,False,False,False,True,True
Euclid VIS,VIS_101539936_0186952,149.88261983147436,1.5870969446727103,-8.617569923400879,451.7007751464844,273496.84375,101539936,False,True,False,True,False,False,False,True,True
Euclid VIS,VIS_101544260_1361187,150.8965923981642,2.2758522877827083,-8.82492446899414,536.4033203125,271285.5,101544260,False,True,False,True,False,False,False,True,True
Euclid VIS,VIS_101548577_2494680,150.61189495537872,2.8660244487189326,-8.589029312133789,587.1238403320312,270712.84375,101548577,False,True,False,True,False,False,False,True,True
Euclid VIS,VIS_101544260_1401595,150.843260406845,2.3891794673159685,-8.878128051757812,530.7459716796875,268424.3125,101544260,False,True,False,True,False,False,False,True,True
Euclid VIS,VIS_101548575_2329085,150.05842671250738,2.929428765194872,-8.508706092834473,511.0821228027344,267098.75,101548575,False,True,False,True,False,False,False,True,True
Euclid VIS,VIS_101545700_1722026,150.78394444461065,2.5229652498809134,-8.64186954498291,455.76092529296875,266119.0,101545700,False,True,False,True,False,False,False,True,True
Euclid VIS,VIS_101539936_0183705,149.87256810500986,1.5575022175364925,-8.406179428100586,439.0073547363281,265811.1875,101539936,False,True,False,True,False,False,False,True,True
Euclid VIS,VIS_101541376_0487883,149.9019168174847,1.6109280049712782,-8.203316688537598,305.183837890625,265382.09375,101541376,False,True,False,True,False,False,False,True,True
Euclid VIS,VIS_101545699_1605067,150.48199399779136,2.371714300104558,-9.143733024597168,567.6866455078125,264677.375,101545699,True,True,True,True,False,False,True,True,True
Euclid VIS,VIS_101539936_0189518,149.89193229005522,1.6098626838414842,-8.420202255249023,434.7422180175781,263228.71875,101539936,False,True,False,True,False,False,False,True,True
Euclid VIS,VIS_101544260_1333486,150.84367878069924,2.1917289347664113,-8.927022933959961,519.8045043945312,262890.6875,101544260,False,True,False,True,False,False,False,True,True
Euclid VIS,VIS_101542814_0659366,149.42706949831265,1.9031237740188938,-8.662032127380371,486.0157165527344,261024.421875,101542814,False,True,False,True,False,False,False,True,True
Euclid VIS,VIS_101539939_0344429,150.64828361938171,1.4840980814602596,-8.457317352294922,411.3725280761719,259653.890625,101539939,False,True,False,True,False,False,False,True,True
Euclid VIS,VIS_101545700_1758917,150.86749184176506,2.6018544657235614,-8.429487228393555,443.0732727050781,258710.6875,101545700,False,True,False,True,False,False,False,True,True
Euclid VIS,VIS_101541374_0441918,149.41857308515955,1.8725924822346918,-8.763607025146484,514.1926879882812,256701.75,101541374,False,True,False,True,False,False,False,True,True
Euclid VIS,VIS_101548575_2331257,150.2934152852027,2.9520613882958378,-8.642424583435059,487.4376525878906,254741.8125,101548575,False,True,False,True,False,False,False,True,True
Euclid VIS,VIS_101539938_0276119,150.31879951465328,1.5474732292158866,-7.985312461853027,312.1382141113281,254610.46875,101539938,False,True,False,True,False,False,False,True,True
Euclid VIS,VIS_101544260_1390832,150.8519160297873,2.3574290372655846,-8.740674018859863,497.513671875,251617.109375,101544260,False,True,False,True,False,False,False,True,True
Euclid VIS,VIS_101548576_2420388,150.29341373109062,2.9520623123472856,-8.654644012451172,470.001708984375,251318.53125,101548576,False,True,False,True,False,False,False,True,True
Euclid VIS,VIS_101541379_0567848,150.68475397115293,1.742674807447895,-8.462577819824219,368.3792419433594,247176.96875,101541379,False,True,False,True,False,False,False,True,True
Euclid VIS,VIS_101541374_0422720,149.4044021658979,1.7678148939691867,-8.510342597961426,489.883544921875,244565.828125,101541374,False,True,False,True,False,False,False,True,True
Euclid VIS,VIS_101548576_2416045,150.49878106819915,2.9120437623205437,-8.445365905761719,456.10064697265625,243885.375,101548576,False,True,False,True,False,False,False,True,True
Euclid VIS,VIS_101539937_0229884,149.92895395723718,1.4875615606196457,-8.291322708129883,382.6533203125,241914.0625,101539937,False,True,False,True,False,False,False,True,True
Euclid VIS,VIS_101545700_1670818,150.79169773050484,2.4059023641084107,-8.417227745056152,412.0416259765625,240591.28125,101545700,False,True,False,True,False,False,False,True,True
Euclid VIS,VIS_101542814_0682042,149.45333539985666,2.000914628455467,-8.377031326293945,445.1837158203125,239094.78125,101542814,False,True,False,True,False,False,False,True,True
Euclid VIS,VIS_101544260_1351191,150.8686968023489,2.2444693997721594,-8.434956550598145,465.02984619140625,235188.4375,101544260,False,True,False,True,False,False,False,True,True
Euclid VIS,VIS_101545700_1764814,150.76679084680606,2.6233602508665896,-8.208230972290039,400.56036376953125,233887.375,101545700,False,True,False,True,False,False,False,True,True
Euclid VIS,VIS_101545700_1685203,150.7975638906013,2.4358947054605857,-8.322265625,400.176513671875,233663.25,101545700,False,True,False,True,False,False,False,True,True
Euclid VIS,VIS_101545700_1690461,150.79884361507578,2.4495039931291536,-8.33518123626709,399.4945373535156,233265.03125,101545700,False,True,False,True,False,False,False,True,True
Euclid VIS,VIS_101548575_2329916,150.1218505173942,2.9383041759207504,-8.383341789245605,440.3871154785156,230152.546875,101548575,False,True,False,True,False,False,False,True,True
Euclid VIS,VIS_101539939_0357888,150.48645837631713,1.5979164939694102,-8.334861755371094,364.59881591796875,230130.828125,101539939,False,True,False,True,False,False,False,True,True
Euclid VIS,VIS_101545700_1709728,150.77013870068308,2.4934686461568227,-8.167546272277832,393.72064208984375,229893.65625,101545700,False,True,False,True,False,False,False,True,True
Euclid VIS,VIS_101548576_2413653,150.4948909874356,2.8879399112422757,-8.371517181396484,426.7917785644531,228213.390625,101548576,False,True,False,True,False,False,False,True,True
Euclid VIS,VIS_101544254_1094200,149.40570643561716,2.3330808111934003,-8.34508228302002,369.74627685546875,226476.875,101544254,False,True,False,True,False,False,False,True,True
Euclid VIS,VIS_101539939_0354967,150.67378184312793,1.5716172488710338,-8.34227466583252,356.3723449707031,224938.375,101539939,False,True,False,True,False,False,False,True,True
Euclid VIS,VIS_101541379_0556128,150.63145595044963,1.6353992132111954,-8.126693725585938,331.0536193847656,222132.03125,101541379,False,True,False,True,False,False,False,True,True
Euclid VIS,VIS_101547139_2161252,150.89342474608438,2.784643781027136,-8.23109245300293,421.211669921875,219058.140625,101547139,False,True,False,True,False,False,False,True,True
Euclid VIS,VIS_101548573_2231541,149.7737366452757,2.925797743291542,-8.070887565612793,317.7826232910156,218532.90625,101548573,False,True,False,True,False,False,False,True,True
Euclid VIS,VIS_101539936_0185486,149.81880506566617,1.5740135164230906,-8.324349403381348,357.009521484375,216162.953125,101539936,False,True,False,True,False,False,False,True,True
Euclid VIS,VIS_101542814_0658450,149.4117157050816,1.8996511957661981,-8.3652982711792,402.2928771972656,216059.40625,101542814,False,True,False,True,False,False,False,True,True
Euclid VIS,VIS_101541374_0402849,149.42923890267863,1.662115503374562,-8.416267395019531,431.9217529296875,215629.40625,101541374,False,True,False,True,False,False,False,True,True
Euclid VIS,VIS_101547139_2117660,150.7667907156472,2.6233601059862552,-8.220146179199219,408.4525451660156,212422.546875,101547139,False,True,False,True,False,False,False,True,True
Euclid VIS,VIS_101539939_0341031,150.43143256664402,1.4664729330084305,-8.065898895263672,335.8126525878906,211961.3125,101539939,False,True,False,True,False,False,False,True,True
Euclid VIS,VIS_101539939_0355912,150.53572484712836,1.5796333037559496,-8.166818618774414,329.49761962890625,207975.34375,101539939,False,True,False,True,False,False,False,True,True
Euclid VIS,VIS_101539938_0265379,150.17449293463,1.4796976918588645,-7.994598388671875,252.82711791992188,206230.53125,101539938,False,True,False,True,False,False,False,True,True
Euclid VIS,VIS_101544260_1361835,150.8834820063241,2.277843622961595,-8.333606719970703,402.69287109375,203661.578125,101544260,False,True,False,True,False,False,False,True,True
Euclid VIS,VIS_101539936_0189627,149.90191857453263,1.6109287020230547,-8.202627182006836,335.75018310546875,203290.796875,101539936,False,True,False,True,False,False,False,True,True
Euclid VIS,VIS_101542814_0682085,149.3918294702792,2.0011997341294374,-8.100168228149414,373.49932861328125,200595.265625,101542814,False,True,False,True,False,False,False,True,True
Euclid VIS,VIS_101539938_0285676,150.2169967536292,1.6063368563007923,-7.746100902557373,244.96897888183594,199820.671875,101539938,False,True,False,True,False,False,False,True,True
Euclid VIS,VIS_101544256_1175513,149.9661563315445,2.3661317328393388,-7.584578990936279,224.91429138183594,198300.71875,101544256,True,True,True,True,False,False,True,True,True
Euclid VIS,VIS_101548575_2331596,150.09476923797635,2.954700023050812,-8.306171417236328,379.2941589355469,198224.5,101548575,False,True,False,True,False,False,False,True,True
Euclid VIS,VIS_101539937_0239093,150.13719625991632,1.5675520082481473,-8.042598724365234,313.3371887207031,198092.296875,101539937,False,True,False,True,False,False,False,True,True
Euclid VIS,VIS_101548573_2234453,149.7629532893545,2.9382461069351042,-7.7523088455200195,285.4078369140625,196269.40625,101548573,False,True,False,True,False,False,False,True,True
Euclid VIS,VIS_101545700_1760460,150.79998285598035,2.606538904456067,-8.303853988647461,334.03448486328125,195042.890625,101545700,False,True,False,True,False,False,False,True,True
Euclid VIS,VIS_101547135_1856861,149.98741861767184,2.8685682887075115,-8.088027000427246,339.53271484375,194971.71875,101547135,False,True,False,True,False,False,False,True,True
Euclid VIS,VIS_101539938_0267264,150.14892110920673,1.4922424906882492,-7.724209308624268,237.49624633789062,193725.171875,101539938,False,True,False,True,False,False,False,True,True
Euclid VIS,VIS_101542814_0688763,149.4009190628437,2.035158946922602,-8.088186264038086,359.9344482421875,193309.96875,101542814,False,True,False,True,False,False,False,True,True
Euclid VIS,VIS_101545700_1703310,150.88418505558298,2.4777160536882423,-8.160125732421875,327.23626708984375,191073.40625,101545700,False,True,False,True,False,False,False,True,True
Euclid VIS,VIS_101539936_0191970,149.65327946981026,1.6308926393002248,-8.086048126220703,314.39697265625,190361.8125,101539936,False,True,False,True,False,False,False,True,True
Euclid VIS,VIS_101544254_1055904,149.4062609316199,2.1771150484827793,-8.074686050415039,310.0762023925781,189927.78125,101544254,False,True,False,True,False,False,False,True,True
Euclid VIS,VIS_101544260_1320732,150.80058822661564,2.1574183133348432,-8.196423530578613,372.1024169921875,188190.46875,101544260,False,True,False,True,False,False,False,True,True
Euclid VIS,VIS_101539938_0262781,150.4048425827699,1.4627038721067798,-7.884977340698242,230.64102172851562,188133.390625,101539938,False,True,False,True,False,False,False,True,True
Euclid VIS,VIS_101548575_2329547,150.1931980501379,2.9341415763601417,-8.096198081970215,356.5052795410156,186314.703125,101548575,False,True,False,True,False,False,False,True,True
Euclid VIS,VIS_101548575_2325472,150.2728083703054,2.893762728347128,-8.378457069396973,356.14312744140625,186125.4375,101548575,False,True,False,True,False,False,False,True,True
Euclid VIS,VIS_101544254_1076868,149.42470379498835,2.2600522224163617,-7.819192886352539,303.7366027832031,186044.65625,101544254,False,True,False,True,False,False,False,True,True
Euclid VIS,VIS_101544257_1226828,149.96615645556878,2.3661315884834457,-7.5802903175354,231.8760528564453,185917.640625,101544257,False,True,True,True,False,False,True,True,True
Euclid VIS,VIS_101548576_2414780,150.4203181935448,2.8982124446561843,-8.155709266662598,347.2143859863281,185661.90625,101548576,False,True,False,True,False,False,False,True,True
Euclid VIS,VIS_101547139_2176703,150.89468123569696,2.8622099254927416,-8.30262565612793,355.2575988769531,184757.625,101547139,False,True,False,True,False,False,False,True,True
Euclid VIS,VIS_101548573_2237280,149.71939914372152,2.9474290228446383,-7.840713977813721,268.55755615234375,184681.796875,101548573,False,True,False,True,False,False,False,True,True
Euclid VIS,VIS_101541380_0641002,150.79010204775858,1.8533508700858614,-8.604521751403809,442.0418395996094,183331.609375,101541380,False,True,False,True,False,False,False,True,True
Euclid VIS,VIS_101542820_1036568,150.74616179347643,2.141474129106636,-8.25278091430664,368.4051818847656,182390.15625,101542820,False,True,False,True,False,False,False,True,True
Euclid VIS,VIS_101544260_1315818,150.74616172650596,2.1414744928589866,-8.25432014465332,357.44464111328125,180777.3125,101544260,False,True,False,True,False,False,False,True,True
Euclid VIS,VIS_101539937_0232225,150.04943513507965,1.50906857369027,-8.015185356140137,284.5893859863281,179917.890625,101539937,False,True,False,True,False,False,False,True,True
Euclid VIS,VIS_101539936_0184058,149.89065052086607,1.5606064615627664,-7.964367389678955,296.84783935546875,179736.109375,101539936,False,True,False,True,False,False,False,True,True
Euclid VIS,VIS_101545700_1709903,150.84231604585716,2.4939024101556835,-8.055341720581055,305.10406494140625,178150.40625,101545700,False,True,False,True,False,False,False,True,True
Euclid VIS,VIS_101548577_2494489,150.6911965240847,2.8640029074126288,-8.31768798828125,384.870361328125,177457.203125,101548577,False,True,False,True,False,False,False,True,True
Euclid VIS,VIS_101542820_1020814,150.8551906375467,2.089043677491676,-8.482276916503906,357.08270263671875,176784.625,101542820,False,True,False,True,False,False,False,True,True
Euclid VIS,VIS_101548576_2416805,150.47272284273453,2.919230696376081,-8.195117950439453,329.4524230957031,176164.25,101548576,False,True,False,True,False,False,False,True,True
Euclid VIS,VIS_101539939_0340334,150.62859007703892,1.4638882981905934,-7.901823997497559,278.90484619140625,176041.71875,101539939,False,True,False,True,False,False,False,True,True
Euclid VIS,VIS_101539937_0238279,150.05297699891736,1.5606140286867596,-7.989626884460449,277.42901611328125,175391.09375,101539937,False,True,False,True,False,False,False,True,True
Euclid VIS,VIS_101547135_1844386,149.99391578491534,2.8491847497726392,-8.17341423034668,300.23175048828125,172403.71875,101547135,False,True,False,True,False,False,False,True,True
Euclid VIS,VIS_101539940_0383704,150.67658989371492,1.5846020511014693,-8.929244995117188,557.2757568359375,171772.53125,101539940,False,True,False,True,False,False,False,True,True
Euclid VIS,VIS_101548575_2325432,150.2746695816853,2.8934082559508094,-8.116874694824219,327.0907897949219,170942.28125,101548575,False,True,False,True,False,False,False,True,True
Euclid VIS,VIS_101539937_0229045,150.1744938046961,1.4796978100022171,-7.993091583251953,268.5448303222656,169774.484375,101539937,False,True,False,True,False,False,False,True,True
Euclid VIS,VIS_101539940_0386068,150.6843192655767,1.6092288131829933,-8.952055931091309,550.0878295898438,169556.953125,101539940,False,True,False,True,False,False,False,True,True
Euclid VIS,VIS_101545700_1728304,150.79832885286643,2.5372368720616616,-7.947903633117676,290.1419677734375,169414.03125,101545700,False,True,False,True,False,False,False,True,True
Euclid VIS,VIS_101541374_0421182,149.39222865359469,1.759527889484005,-8.06928539276123,338.9138488769531,169196.828125,101541374,False,True,False,True,False,False,False,True,True
Euclid VIS,VIS_101541376_0487904,149.92388897614947,1.6110277760113332,-7.466466426849365,194.4888153076172,169123.796875,101541376,False,True,False,True,False,False,False,True,True
Euclid VIS,VIS_101544254_1075228,149.42611338017772,2.2541893812701304,-7.811221599578857,274.3124694824219,168021.796875,101544254,False,True,False,True,False,False,False,True,True
Euclid VIS,VIS_101548575_2326215,150.1797626372508,2.90097998392851,-7.994233131408691,319.9138488769531,167191.5,101548575,False,True,False,True,False,False,False,True,True
Euclid VIS,VIS_101542814_0700863,149.4242469393949,2.097831508513226,-7.920026779174805,311.2496643066406,167162.828125,101542814,False,True,False,True,False,False,False,True,True
Euclid VIS,VIS_101539938_0284405,150.29757546073827,1.5986353395297177,-7.4555182456970215,204.52821350097656,166833.21875,101539938,False,True,False,True,False,False,False,True,True
Euclid VIS,VIS_101539939_0348568,150.63933908562223,1.5135699047838864,-7.883591651916504,257.8077392578125,162725.453125,101539939,False,True,False,True,False,False,False,True,True
Euclid VIS,VIS_101548573_2221802,149.76804461942712,2.868341497887091,-7.725741863250732,235.54446411132812,161979.328125,101548573,False,True,False,True,False,False,False,True,True
Euclid VIS,VIS_101539939_0354601,150.46425217217643,1.5682937750752526,-8.058116912841797,255.53834533691406,161293.046875,101539939,False,True,False,True,False,False,False,True,True
Euclid VIS,VIS_101548572_2217272,149.56199165827417,2.92118556193699,-8.672788619995117,482.5931701660156,160807.046875,101548572,False,True,False,True,False,False,False,True,True
Euclid VIS,VIS_101548576_2415857,150.48109738934767,2.9099901220690225,-8.028100967407227,300.5494384765625,160709.296875,101548576,False,True,False,True,False,False,False,True,True
Euclid VIS,VIS_101541380_0615210,150.6847482439538,1.7426749215390043,-8.485337257385254,387.11614990234375,160551.828125,101541380,False,True,False,True,False,False,False,True,True
Euclid VIS,VIS_101547139_2164932,150.82115553008268,2.8192727803309108,-8.033884048461914,307.698974609375,160023.96875,101547139,False,True,False,True,False,False,False,True,True
Euclid VIS,VIS_101548576_2417927,150.4768365827319,2.9295581291173645,-7.933878421783447,299.2232666015625,160000.171875,101548576,False,True,False,True,False,False,False,True,True
Euclid VIS,VIS_101539937_0229643,149.95143391173465,1.485386496619697,-7.808743476867676,250.95217895507812,158652.390625,101539937,False,True,False,True,False,False,False,True,True
Euclid VIS,VIS_101539939_0339971,150.40484138197425,1.4627036975438157,-7.883520603179932,250.18051147460938,157911.234375,101539939,False,True,False,True,False,False,False,True,True
Euclid VIS,VIS_101544254_1048427,149.45626968803455,2.1499915717683797,-7.712175369262695,255.27349853515625,156360.046875,101544254,False,True,False,True,False,False,False,True,True
Euclid VIS,VIS_101547139_2164475,150.8949355282776,2.8146677506593143,-8.56793212890625,296.204833984375,154046.25,101547139,False,True,False,True,False,False,False,True,True
Euclid VIS,VIS_101539937_0237858,150.12499778286193,1.5573749350864758,-7.930159568786621,242.26658630371094,153161.34375,101539937,False,True,False,True,False,False,False,True,True
Euclid VIS,VIS_101539938_0278109,150.21565659365905,1.560095720909282,-7.580094337463379,187.59996032714844,153024.890625,101539938,False,True,False,True,False,False,False,True,True
Euclid VIS,VIS_101545700_1721564,150.89607238527404,2.521956663294075,-7.933908462524414,257.8600769042969,150564.609375,101545700,False,True,False,True,False,False,False,True,True
Euclid VIS,VIS_101548573_2235728,149.7209637841997,2.942796718862749,-7.6283111572265625,217.0962371826172,149292.84375,101548573,False,True,False,True,False,False,False,True,True
Euclid VIS,VIS_101548575_2325747,150.25153649223034,2.896232893934849,-8.02620792388916,283.4675598144531,148144.15625,101548575,False,True,False,True,False,False,False,True,True
Euclid VIS,VIS_101548577_2494492,150.6945893163925,2.864059609986885,-8.005321502685547,319.3458557128906,147244.953125,101548577,False,True,False,True,False,False,False,True,True
Euclid VIS,VIS_101544260_1352508,150.7807999071113,2.248517888307086,-7.399654865264893,289.66107177734375,146495.84375,101544260,False,True,False,True,False,False,False,True,True
Euclid VIS,VIS_101544260_1360545,150.7989040554358,2.2738255177119218,-7.982513904571533,289.2410888671875,146283.4375,101544260,False,True,False,True,False,False,False,True,True
Euclid VIS,VIS_101539937_0234378,150.10763153696385,1.527636259429265,-7.759607315063477,230.9025421142578,145976.96875,101539937,False,True,False,True,False,False,False,True,True
Euclid VIS,VIS_101544254_1067519,149.4281395848017,2.223929532619277,-7.8135294914245605,236.4761505126953,144846.296875,101544254,False,True,False,True,False,False,False,True,True
Euclid VIS,VIS_101541375_0476380,149.44198405896742,1.8165564429186938,-7.502693176269531,179.17605590820312,139644.640625,101541375,False,True,False,True,False,False,False,True,True
Euclid VIS,VIS_101539939_0353346,150.59212574245709,1.5568551328189992,-7.815691947937012,220.5575408935547,139213.53125,101539939,False,True,False,True,False,False,False,True,True
Euclid VIS,VIS_101544259_1303950,150.47500556538418,2.372249291311603,-8.199398040771484,388.6939392089844,138337.4375,101544259,True,True,True,True,False,False,True,True,True
Euclid VIS,VIS_101539937_0230357,150.1489218551393,1.4922422594647888,-7.722702503204346,218.3453826904297,138038.3125,101539937,False,True,False,True,False,False,False,True,True
Euclid VIS,VIS_101539938_0281155,150.32408566258448,1.579049075996993,-7.317728042602539,167.65077209472656,136752.375,101539938,False,True,False,True,False,False,False,True,True
Euclid VIS,VIS_101548573_2225412,149.65451311397595,2.893820788891119,-7.526928901672363,198.53765869140625,136530.46875,101548573,False,True,False,True,False,False,False,True,True
Euclid VIS,VIS_101545700_1665334,150.7848375464509,2.392874318965383,-7.912010192871094,233.7962646484375,136513.75,101545700,False,True,False,True,False,False,False,True,True
Euclid VIS,VIS_101548575_2326390,150.1935629485809,2.902448016536225,-7.7881951332092285,257.3472595214844,134493.328125,101548575,False,True,False,True,False,False,False,True,True
Euclid VIS,VIS_101547139_2154513,150.8196270273047,2.7225832116992743,-7.7463698387146,257.6474304199219,133993.828125,101547139,False,True,False,True,False,False,False,True,True
Euclid VIS,VIS_101539940_0373795,150.64828327680746,1.4840927684385357,-8.454402923583984,430.5793151855469,132720.109375,101539940,False,True,False,True,False,False,False,True,True
Euclid VIS,VIS_101539939_0350658,150.57940069991668,1.5331563049190278,-7.6338701248168945,207.30062866210938,130845.9140625,101539939,False,True,False,True,False,False,False,True,True
Euclid VIS,VIS_101541375_0486712,149.6844048692391,1.8868943056679355,-7.318531036376953,167.17027282714844,130287.6796875,101541375,False,True,False,True,False,False,False,True,True
Euclid VIS,VIS_101539938_0262656,150.1491548638094,1.4617069936996467,-7.643932819366455,158.6728515625,129429.1015625,101539938,False,True,False,True,False,False,False,True,True
Euclid VIS,VIS_101539938_0280925,150.42191686993962,1.5775554508178464,-7.346336841583252,158.36392211914062,129177.109375,101539938,False,True,False,True,False,False,False,True,True
Euclid VIS,VIS_101548577_2498994,150.72421880063507,2.9141285605841225,-7.768433570861816,280.1562194824219,129175.28125,101548577,False,True,False,True,False,False,False,True,True
Euclid VIS,VIS_101544259_1282353,150.45509215534838,2.1315168432245724,-8.18284797668457,362.5184631347656,129021.5078125,101544259,True,True,True,True,False,False,True,True,True
Euclid VIS,VIS_101544260_1375346,150.8269799430596,2.3137381360224962,-7.952492713928223,254.49681091308594,128711.5390625,101544260,False,True,False,True,False,False,False,True,True
Euclid VIS,VIS_101541375_0480932,149.46877702312932,1.8499426992992374,-7.346224784851074,164.8711395263672,128495.8046875,101541375,False,True,False,True,False,False,False,True,True
Euclid VIS,VIS_101544260_1385316,150.7962292078423,2.3418963138128395,-7.957897663116455,253.09320068359375,128001.6640625,101544260,False,True,False,True,False,False,False,True,True
Euclid VIS,VIS_101544254_1044872,149.47856813302437,2.137160960878275,-7.3920111656188965,208.1372833251953,127488.1875,101544254,False,True,False,True,False,False,False,True,True
Euclid VIS,VIS_101548573_2232676,149.69450684611792,2.931346432998058,-7.416515350341797,184.85812377929688,127123.328125,101548573,False,True,False,True,False,False,False,True,True
Euclid VIS,VIS_101539935_0138131,149.6232170945667,1.581186628016584,-7.834538459777832,222.20811462402344,125350.3359375,101539935,False,True,False,True,False,False,False,True,True
Euclid VIS,VIS_101548576_2413156,150.4300165809918,2.8834518413994052,-7.579555511474609,233.43399047851562,124821.4375,101548576,False,True,False,True,False,False,False,True,True
Euclid VIS,VIS_101539937_0244229,149.92388888672613,1.6110277735242935,-7.473447799682617,196.4139862060547,124173.25,101539937,False,True,False,True,False,False,False,True,True
Euclid VIS,VIS_101539939_0344086,150.556515834947,1.4820270307186831,-7.559408187866211,193.22120666503906,121959.140625,101539939,False,True,False,True,False,False,False,True,True
Euclid VIS,VIS_101542814_0650394,149.39513225554634,1.865550693437006,-7.595937728881836,225.37432861328125,121041.7734375,101542814,False,True,False,True,False,False,False,True,True
Euclid VIS,VIS_101542820_0954550,150.68446884349552,1.8615190835002218,-7.719258785247803,244.13465881347656,120866.265625,101542820,False,True,False,True,False,False,False,True,True
Euclid VIS,VIS_101544260_1375371,150.8266686535528,2.3138132872476014,-7.894649982452393,238.02301025390625,120379.9296875,101544260,False,True,False,True,False,False,False,True,True
Euclid VIS,VIS_101542818_0941169,150.18392695972364,2.1225562143993506,-7.496934413909912,183.4326629638672,119873.1640625,101542818,True,True,True,True,False,False,True,True,True
Euclid VIS,VIS_101548577_2497237,150.65617403222745,2.894305570197679,-7.861696243286133,258.75830078125,119309.0625,101548577,False,True,False,True,False,False,False,True,True
Euclid VIS,VIS_101539940_0382316,150.67377732229068,1.5716168424763524,-8.3685884475708,385.6827087402344,118881.3515625,101539940,False,True,False,True,False,False,False,True,True
Euclid VIS,VIS_101542819_0953212,150.45509211099042,2.1315166553594573,-8.201261520385742,382.6712646484375,118052.4765625,101542819,True,True,True,True,False,False,True,True,True
Euclid VIS,VIS_101544260_1372382,150.89106040971228,2.304793365592405,-7.8100175857543945,230.61297607421875,116632.3125,101544260,False,True,False,True,False,False,False,True,True
Euclid VIS,VIS_101539936_0187365,149.76166737540157,1.590708687989824,-7.602438926696777,192.30902099609375,116439.7109375,101539936,False,True,False,True,False,False,False,True,True
Euclid VIS,VIS_101539939_0340252,150.6281457161939,1.4636517582195117,-7.645583629608154,182.5435333251953,115219.5078125,101539939,False,True,False,True,False,False,False,True,True
